episode_id,tau,rho,eri_rule,eri_nn,eri_act,api_type,alpha,beta,band,acted_by,dt,progress,collision,reward,done
1,0.24658319354057312,0.029850746268656716,0.34662957369494984,9.999989867210388,0.34662957369494984,,,,1,teacher,0.0,0.0,0,0.0,False
1,0.24658319354057312,0.029850746268656716,0.34662957369494984,9.999989867210388,0.34662957369494984,,,,1,teacher,5.179999999999998,6.121554637050572,0,5.758954637050572,False
1,0.8267234563827515,0.02228855721393035,0.6564683665506809,9.999989867210388,0.6564683665506809,,,,0,teacher,4.813000000000002,0.25719406838863534,1,-3.0797159316113647,False
1,0.5954845547676086,0.013930348258706468,0.46694670085610834,9.999989867210388,0.46694670085610834,,,,0,teacher,4.466999999999999,5.41333655980347,2,-0.8993534401965295,False
1,0.6064001321792603,0.014925373134328358,0.4800652795575716,9.999989867210388,0.4800652795575716,,,,1,teacher,4.725999999999999,6.270755749037143,0,5.939935749037143,False
1,0.35475069284439087,0.020895522388059702,0.3654847840666112,9.999989867210388,0.3654847840666112,,,,8,teacher,2.308,2.8879880305795345,0,-7.273571969420466,True
2,0.10904684662818909,0.02109452736318408,0.21919210993534455,9.999989867210388,0.21919210993534455,,,,1,teacher,0.0,0.0,0,0.0,False
2,0.10904684662818909,0.02109452736318408,0.21919210993534455,9.999989867210388,0.21919210993534455,,,,1,teacher,5.018000000000001,7.361189271502596,0,7.009929271502596,False
2,0.6905588507652283,0.011343283582089553,0.5061907500964598,9.999989867210388,0.5061907500964598,,,,1,teacher,5.283000000000001,1.1693764524520507,3,-8.200433547547949,False
2,0.4090193808078766,0.0,0.24541162848472595,9.999989867210388,0.24541162848472595,,,,1,teacher,5.403999999999996,1.7763568394002505e-15,0,-0.378279999999998,False
2,0.39272648096084595,0.0,0.23563588857650755,9.999989867210388,0.23563588857650755,,,,1,teacher,5.540000000000006,0.0,0,-0.3878000000000005,False
2,0.39272648096084595,0.0,0.23563588857650755,9.999989867210388,0.23563588857650755,,,,0,teacher,5.560000000000002,0.0,0,-0.3892000000000002,False
2,0.39272648096084595,0.0,0.23563588857650755,9.999989867210388,0.23563588857650755,,,,0,teacher,5.2479999999999905,0.0,0,-0.36735999999999935,False
2,0.39272648096084595,0.0,0.23563588857650755,9.999989867210388,0.23563588857650755,,,,1,teacher,5.442999999999998,1.7763568394002505e-15,0,-0.38100999999999813,False
2,0.39272648096084595,0.0,0.23563588857650755,9.999989867210388,0.23563588857650755,,,,2,teacher,5.551000000000002,0.0,0,-10.38857,True
3,0.8789383172988892,0.020497512437810946,0.6777225208283496,9.999989867210388,0.6777225208283496,,,,0,teacher,0.0,0.0,0,0.0,False
3,0.8789383172988892,0.020497512437810946,0.6777225208283496,9.999989867210388,0.6777225208283496,,,,0,teacher,4.649000000000001,6.2945441893241,1,2.9691141893240998,False
3,0.6688410639762878,0.01691542288557214,0.5302257659615318,9.999989867210388,0.5302257659615318,,,,3,teacher,4.798999999999978,3.3068101459035146,1,-0.029119854096483877,False
3,0.39412370324134827,0.01711442786069652,0.3666332733181744,9.999989867210388,0.3666332733181744,,,,0,teacher,4.743000000000023,6.551568916313154,1,3.2195589163131526,False
3,0.27706968784332275,0.030845771144278607,0.36947648068243083,9.999989867210388,0.36947648068243083,,,,0,teacher,0.042999999999977945,0.0769167954527612,0,-9.926093204547238,True
4,0.8660728931427002,0.020497512437810946,0.6700032663346362,9.999989867210388,9.999989867210388,,,,4,student,0.0,0.0,0,0.0,False
4,0.8660728931427002,0.020497512437810946,0.6700032663346362,9.999989867210388,9.999989867210388,,,,4,student,4.865000000000009,1.094929174459434,3,-8.245620825540566,False
4,0.8211073279380798,0.02447761194029851,0.664861794955242,9.999989867210388,0.664861794955242,,,,2,teacher,4.805999999999983,8.018089023038575,3,-1.3183309769614233,False
4,0.7066705822944641,0.01771144278606965,0.5578413562609189,9.999989867210388,0.5578413562609189,,,,1,teacher,4.723000000000013,3.3643118104948115,1,0.03370181049481058,False
4,0.4282242953777313,0.015323383084577114,0.3757456629855016,9.999989867210388,0.3757456629855016,,,,2,teacher,4.8659999999999854,4.826311722626741,1,1.4856917226267417,False
4,0.31680622696876526,0.018109452736318407,0.32634812352821657,9.999989867210388,0.32634812352821657,,,,0,teacher,2.430000000000007,3.021407661287059,0,-7.148692338712942,True
5,0.09045600146055222,0.02208955223880597,0.21360886066093668,9.999989867210388,0.21360886066093668,,,,1,teacher,0.0,0.0,0,0.0,False
5,0.09045600146055222,0.02208955223880597,0.21360886066093668,9.999989867210388,0.21360886066093668,,,,1,teacher,4.914999999999992,8.62917292552639,1,5.285122925526391,False
5,0.6793067455291748,0.018706467661691543,0.5474451286656491,9.999989867210388,0.5474451286656491,,,,3,teacher,4.760999999999996,4.276878426738225,0,3.9436084267382254,False
5,0.3814310133457184,0.01253731343283582,0.32906138041011346,9.999989867210388,0.32906138041011346,,,,0,teacher,3.7309999999999945,5.276374564015589,0,-4.984795435984411,True
6,0.20043174922466278,0.02228855721393035,0.28069334225582765,9.999989867210388,0.28069334225582765,,,,0,teacher,0.0,0.0,0,0.0,False
6,0.20043174922466278,0.02228855721393035,0.28069334225582765,9.999989867210388,0.28069334225582765,,,,0,teacher,4.730000000000018,5.214959023018157,0,4.8838590230181556,False
6,0.813551127910614,0.022487562189054726,0.6496589834991257,9.999989867210388,9.999989867210388,,,,1,student,4.717999999999989,5.860562073325724,1,2.530302073325725,False
6,0.6178858876228333,0.013333333333333334,0.4763731891252441,9.999989867210388,0.4763731891252441,,,,1,teacher,4.776999999999987,0.862528778550681,2,-5.471861221449318,False
6,0.3822851777076721,0.007960199004975124,0.29629201639630154,9.999989867210388,0.29629201639630154,,,,0,teacher,4.846000000000004,5.7670838704353535,0,5.4278638704353535,False
6,0.3351445496082306,0.019502487562189055,0.34566721913605325,9.999989867210388,0.34566721913605325,,,,0,teacher,2.421999999999997,3.0838947265705414,0,-7.085645273429458,True
7,0.0984123945236206,0.02109452736318408,0.21281143867260346,9.999989867210388,0.21281143867260346,,,,0,teacher,0.0,0.0,0,0.0,False
7,0.0984123945236206,0.02109452736318408,0.21281143867260346,9.999989867210388,0.21281143867260346,,,,0,teacher,4.9480000000000075,7.9132681981874455,0,7.566908198187445,False
7,0.7045208215713501,0.014527363184079602,0.5363280272163807,9.999989867210388,9.999989867210388,,,,7,student,4.8770000000000095,6.073548275607175,0,5.7321582756071745,False
7,0.3984658718109131,0.016517412935323383,0.36550773969584127,9.999989867210388,0.36550773969584127,,,,1,teacher,3.151999999999987,3.9977523702333624,0,-6.222887629766637,True
8,0.17021726071834564,0.02407960199004975,0.2722328233616129,9.999989867210388,0.2722328233616129,,,,2,teacher,0.0,0.0,0,0.0,False
8,0.17021726071834564,0.02407960199004975,0.2722328233616129,9.999989867210388,0.2722328233616129,,,,2,teacher,4.984000000000037,0.0,1,-3.3488800000000025,False
8,0.8234862089157104,0.023681592039800994,0.6620799954920551,9.999989867210388,0.6620799954920551,,,,7,teacher,4.8209999999999695,0.49514834406619457,0,0.15767834406619669,False
8,0.8337576389312744,0.02527363184079602,0.6765847481214976,9.999989867210388,0.6765847481214976,,,,3,teacher,5.114000000000033,1.352339948356267,1,-2.005640051643735,False
8,0.8123229146003723,0.02527363184079602,0.6637239135229563,9.999989867210388,0.6637239135229563,,,,1,teacher,5.050999999999988,6.621498204261572,1,3.2679282042615725,False
8,0.7190031409263611,0.007761194029850746,0.4967947588889896,9.999989867210388,9.999989867210388,,,,8,student,4.586000000000013,5.881064506334547,0,5.560044506334546,False
8,0.4642184376716614,0.01253731343283582,0.37873383500567925,9.999989867210388,0.37873383500567925,,,,2,teacher,4.83299999999997,0.0,0,-0.33830999999999795,False
8,0.2609148919582367,0.022487562189054726,0.31807724192769926,9.999989867210388,0.31807724192769926,,,,1,teacher,4.802000000000021,2.2921039298059203,1,-1.0440360701940812,False
8,0.27009648084640503,0.031840796019900496,0.36974450666508574,9.999989867210388,0.36974450666508574,,,,0,teacher,3.459000000000003,4.338844697983359,0,-5.903285302016641,True
9,0.16949568688869476,0.023283582089552238,0.26755204279095185,9.999989867210388,0.26755204279095185,,,,0,teacher,0.0,0.0,0,0.0,False
9,0.16949568688869476,0.023283582089552238,0.26755204279095185,9.999989867210388,0.26755204279095185,,,,0,teacher,4.802000000000021,7.017767477946162,1,3.6816274779461606,False
9,0.797810435295105,0.017512437810945275,0.6113042264475299,9.999989867210388,0.6113042264475299,,,,1,teacher,4.819000000000017,4.805272814117066,0,4.467942814117064,False
9,0.5187610387802124,0.00736318407960199,0.37357236449406594,9.999989867210388,0.37357236449406594,,,,0,teacher,4.717999999999961,3.601971896620997,0,3.2717118966209995,False
9,0.34182465076446533,0.012338308457711443,0.30392221147610177,9.999989867210388,0.30392221147610177,,,,2,teacher,4.487000000000023,5.394275914945071,0,-4.919814085054931,True
10,0.20154695212841034,0.020298507462686566,0.2701424497556723,9.999989867210388,0.2701424497556723,,,,0,teacher,0.0,0.0,0,0.0,False
10,0.20154695212841034,0.020298507462686566,0.2701424497556723,9.999989867210388,0.2701424497556723,,,,0,teacher,4.910000000000025,5.37748233617722,0,5.033782336177218,False
10,0.8526774048805237,0.022686567164179106,0.6742237677277096,9.999989867210388,0.6742237677277096,,,,5,teacher,4.9839999999999804,7.191426150600513,0,6.842546150600515,False
10,0.6345177888870239,0.017512437810945275,0.5133286386026814,9.999989867210388,0.5133286386026814,,,,4,teacher,4.674000000000035,5.735398870248808,1,2.408218870248806,False
10,0.3535785973072052,0.01671641791044776,0.3398246830565572,9.999989867210388,0.3398246830565572,,,,0,teacher,2.6159999999999854,2.995623256991484,0,-7.187496743008515,True
11,0.11104244738817215,0.020895522388059702,0.21925983679288003,9.999989867210388,0.21925983679288003,,,,0,teacher,0.0,0.0,0,0.0,False
11,0.11104244738817215,0.020895522388059702,0.21925983679288003,9.999989867210388,0.21925983679288003,,,,0,teacher,4.950999999999965,3.4276005558857534,0,3.081030555885756,False
11,0.7010694742202759,0.0191044776119403,0.5628732704516478,9.999989867210388,0.5628732704516478,,,,2,teacher,4.800000000000011,7.709218026556286,1,4.373218026556285,False
11,0.5615122318267822,0.0027860696517412937,0.3617352049234832,9.999989867210388,9.999989867210388,,,,6,student,4.898000000000025,7.043131223623938,0,6.700271223623936,False
11,0.2891106605529785,0.032437810945273635,0.3837756879304498,9.999989867210388,0.3837756879304498,,,,0,teacher,0.11000000000001364,0.1853301903103418,0,-9.82236980968966,True
12,0.8799026012420654,0.01890547263681592,0.6689906068919856,9.999989867210388,0.6689906068919856,,,,1,teacher,0.0,0.0,0,0.0,False
12,0.8799026012420654,0.01890547263681592,0.6689906068919856,9.999989867210388,0.6689906068919856,,,,1,teacher,4.557999999999993,0.578506772921191,0,0.2594467729211915,False
12,0.8095880150794983,0.018507462686567163,0.6244204756834968,9.999989867210388,0.6244204756834968,,,,3,teacher,4.644999999999982,6.2307784832662865,1,2.9056284832662875,False
12,0.7586643695831299,0.02009950248756219,0.6032623942939717,9.999989867210388,0.6032623942939717,,,,3,teacher,4.849000000000046,6.101877124064256,0,5.762447124064252,False
12,0.5067564845085144,0.00955223880597015,0.3829505340847739,9.999989867210388,0.3829505340847739,,,,7,teacher,4.757000000000005,0.3143901710801602,0,-0.01859982891984019,False
12,0.26952019333839417,0.02009950248756219,0.30977588854713034,9.999989867210388,0.30977588854713034,,,,0,teacher,4.606999999999971,2.3375468782993973,0,2.0150568782993994,False
12,0.28032517433166504,0.022686567164179106,0.33081242939839456,9.999989867210388,0.33081242939839456,,,,0,teacher,2.2730000000000246,3.6880420041443456,0,-6.471067995855656,True
13,0.12176065891981125,0.021890547263681594,0.23128758027061586,9.999989867210388,9.999989867210388,,,,9,student,0.0,0.0,0,0.0,False
13,0.12176065891981125,0.021890547263681594,0.23128758027061586,9.999989867210388,9.999989867210388,,,,9,student,4.767999999999972,8.413694916752185,1,5.079934916752187,False
13,0.674967885017395,0.017512437810945275,0.5375986962809041,9.999989867210388,9.999989867210388,,,,6,student,4.887999999999977,5.663421378201938,0,5.32126137820194,False
13,0.38203203678131104,0.018706467661691543,0.3690803034169309,9.999989867210388,0.3690803034169309,,,,2,teacher,3.813000000000045,4.296887162094633,0,-5.97002283790537,True
14,0.15980660915374756,0.02228855721393035,0.25631825821327847,9.999989867210388,0.25631825821327847,,,,5,teacher,0.0,0.0,0,0.0,False
14,0.15980660915374756,0.02228855721393035,0.25631825821327847,9.999989867210388,0.25631825821327847,,,,5,teacher,4.699999999999989,4.6333624754872424,0,4.304362475487244,False
14,0.7921041250228882,0.018507462686567163,0.6139301416495306,9.999989867210388,0.6139301416495306,,,,6,teacher,4.799000000000035,3.5551426153112597,1,0.21921261531125724,False
14,0.6775858998298645,0.015522388059701492,0.5266467185314764,9.999989867210388,0.5266467185314764,,,,1,teacher,4.8279999999999745,3.1546633367990804,1,-0.18329666320091764,False
14,0.5328769087791443,0.009751243781094527,0.40008915702579884,9.999989867210388,0.40008915702579884,,,,6,teacher,4.637999999999977,3.8508624122409074,0,3.526202412240909,False
14,0.40700870752334595,0.009353233830845771,0.32162877239550985,9.999989867210388,0.32162877239550985,,,,4,teacher,4.3040000000000305,5.3974926093687285,2,-10.903787390631273,True
15,0.23645512759685516,0.02845771144278607,0.3339980253551752,9.999989867210388,0.3339980253551752,,,,0,teacher,0.0,0.0,0,0.0,False
15,0.23645512759685516,0.02845771144278607,0.3339980253551752,9.999989867210388,0.3339980253551752,,,,0,teacher,4.829000000000008,5.877463856111495,1,2.5394338561114944,False
15,0.8396776914596558,0.02527363184079602,0.6801367796385265,9.999989867210388,0.6801367796385265,,,,3,teacher,4.891999999999996,7.12991955983534,0,6.78747955983534,False
15,0.6042188405990601,0.012338308457711443,0.46135872537685857,9.999989867210388,0.46135872537685857,,,,1,teacher,4.77800000000002,5.598310091458963,0,5.263850091458961,False
15,0.3238464891910553,0.0191044776119403,0.33653947943411544,9.999989867210388,0.33653947943411544,,,,1,teacher,2.416999999999973,2.6580870844500195,0,-7.511102915549978,True
16,0.08935484290122986,0.02308457711442786,0.2183933698337241,9.999989867210388,9.999989867210388,,,,3,student,0.0,0.0,0,0.0,False
16,0.08935484290122986,0.02308457711442786,0.2183933698337241,9.999989867210388,9.999989867210388,,,,3,student,4.699999999999989,0.46784380843850215,0,0.1388438084385029,False
16,0.8170077800750732,0.01791044776119403,0.6252591404667749,9.999989867210388,0.6252591404667749,,,,1,teacher,4.699999999999989,4.669867238567075,1,1.3408672385670766,False
16,0.7931631207466125,0.02109452736318408,0.6296618744063986,9.999989867210388,0.6296618744063986,,,,6,teacher,4.6340000000000146,6.772734556594584,1,3.448354556594582,False
16,0.5842549800872803,0.008159203980099502,0.41899495525130026,9.999989867210388,0.41899495525130026,,,,1,teacher,4.805000000000007,1.296338233174163,1,-2.0400117668258373,False
16,0.32108786702156067,0.01691542288557214,0.3215738477886955,9.999989867210388,0.3215738477886955,,,,0,teacher,4.8870000000000005,5.7669260451467705,0,5.424836045146771,False
16,0.28449729084968567,0.028059701492537312,0.36091165092094407,9.999989867210388,0.36091165092094407,,,,3,teacher,0.35599999999999454,0.561140640536209,0,-9.463779359463791,True
17,0.8795735836029053,0.019502487562189055,0.672324639532858,9.999989867210388,0.672324639532858,,,,0,teacher,0.0,0.0,0,0.0,False
17,0.8795735836029053,0.019502487562189055,0.672324639532858,9.999989867210388,0.672324639532858,,,,0,teacher,4.653999999999996,4.802028563757668,1,1.476248563757668,False
17,0.673440158367157,0.014129353233830846,0.515045964158532,9.999989867210388,0.515045964158532,,,,5,teacher,4.8799999999999955,4.987990739526937,0,4.646390739526938,False
17,0.4654155969619751,0.007761194029850746,0.3446422325103581,9.999989867210388,0.3446422325103581,,,,5,teacher,4.745999999999981,6.804011636675639,0,16.47179163667564,True
18,0.8749765753746033,0.018706467661691543,0.6648470265729062,9.999989867210388,9.999989867210388,,,,5,student,0.0,0.0,0,0.0,False
18,0.8749765753746033,0.018706467661691543,0.6648470265729062,9.999989867210388,9.999989867210388,,,,5,student,4.765999999999963,6.014197995645349,0,5.6805779956453515,False
18,0.6843061447143555,0.016318407960199004,0.53575686404253,9.999989867210388,0.53575686404253,,,,1,teacher,4.658999999999992,5.575671403299169,0,5.24954140329917,False
18,0.43142151832580566,0.015323383084577114,0.37766399675434625,9.999989867210388,0.37766399675434625,,,,0,teacher,3.796000000000049,4.875224045706006,0,-5.390495954293997,True
19,0.20383040606975555,0.023880597014925373,0.29134603140440235,9.999989867210388,0.29134603140440235,,,,0,teacher,0.0,0.0,0,0.0,False
19,0.20383040606975555,0.023880597014925373,0.29134603140440235,9.999989867210388,0.29134603140440235,,,,0,teacher,4.8180000000000405,6.685615419278545,1,3.3483554192785414,False
19,0.8339044451713562,0.024676616915422885,0.6735803612777773,9.999989867210388,0.6735803612777773,,,,0,teacher,4.737000000000023,6.668532020966403,0,6.336942020966401,False
19,0.5642944574356079,0.011144278606965175,0.42901846844442293,9.999989867210388,0.42901846844442293,,,,0,teacher,4.69399999999996,1.6273890443654713,0,1.298809044365474,False
19,0.30244964361190796,0.01472636815920398,0.2963931396086727,9.999989867210388,0.2963931396086727,,,,0,teacher,4.671000000000049,6.537804681190372,0,-3.7891653188096317,True
20,0.24474968016147614,0.03044776119402985,0.34827497151967324,9.999989867210388,0.34827497151967324,,,,1,teacher,0.0,0.0,0,0.0,False
20,0.24474968016147614,0.03044776119402985,0.34827497151967324,9.999989867210388,0.34827497151967324,,,,1,teacher,4.889999999999986,1.2933507643747824,1,-2.0489492356252166,False
20,0.861686646938324,0.020696517412935322,0.6685115406113021,9.999989867210388,0.6685115406113021,,,,3,teacher,4.79200000000003,0.3131134600442067,0,-0.02232653995579542,False
20,0.8245171308517456,0.02447761194029851,0.6669076767034414,9.999989867210388,0.6669076767034414,,,,2,teacher,4.845000000000027,2.2817592646921483,1,-1.0573907353078535,False
20,0.8092050552368164,0.02208955223880597,0.6448582929266952,9.999989867210388,0.6448582929266952,,,,6,teacher,4.822999999999979,8.250539536936136,0,7.912929536936137,False
20,0.6610026359558105,0.015920398009950248,0.5192473807063522,9.999989867210388,0.5192473807063522,,,,3,teacher,4.722999999999956,5.1148110609949,1,1.7842010609949028,False
20,0.37313947081565857,0.0191044776119403,0.3661152684088774,9.999989867210388,0.3661152684088774,,,,2,teacher,2.824000000000069,4.094590278789785,0,-6.103089721210219,True
21,0.14299410581588745,0.020298507462686566,0.23501074196815858,9.999989867210388,0.23501074196815858,,,,0,teacher,0.0,0.0,0,0.0,False
21,0.14299410581588745,0.020298507462686566,0.23501074196815858,9.999989867210388,0.23501074196815858,,,,0,teacher,4.800999999999931,4.4726001049594135,0,4.1365301049594185,False
21,0.6997266411781311,0.02009950248756219,0.5678997572509725,9.999989867210388,9.999989867210388,,,,1,student,4.65300000000002,7.693615816085948,1,4.367905816085946,False
21,0.5229877829551697,0.01154228855721393,0.4070552994321241,9.999989867210388,0.4070552994321241,,,,2,teacher,4.805000000000064,6.074014812404061,0,-4.262335187595943,True
22,0.2520008683204651,0.031243781094527363,0.3562282044908982,9.999989867210388,0.3562282044908982,,,,0,teacher,0.0,0.0,0,0.0,False
22,0.2520008683204651,0.031243781094527363,0.3562282044908982,9.999989867210388,0.3562282044908982,,,,0,teacher,4.837999999999965,5.320606542422691,0,4.981946542422694,False
22,0.8709427714347839,0.020696517412935322,0.6740652153091782,9.999989867210388,0.6740652153091782,,,,1,teacher,4.789999999999964,6.955021795410913,0,6.619721795410915,False
22,0.6188912987709045,0.01472636815920398,0.48625813270407064,9.999989867210388,9.999989867210388,,,,8,student,4.799000000000092,5.631702644934936,0,5.29577264493493,False
22,0.36115679144859314,0.020497512437810946,0.3670536053181721,9.999989867210388,0.3670536053181721,,,,5,teacher,3.034999999999968,3.8153263438212655,0,-6.397123656178732,True
23,0.14039914309978485,0.02009950248756219,0.2323032584039647,9.999989867210388,0.2323032584039647,,,,0,teacher,0.0,0.0,0,0.0,False
23,0.14039914309978485,0.02009950248756219,0.2323032584039647,9.999989867210388,0.2323032584039647,,,,0,teacher,4.907999999999902,6.765701566818999,0,6.422141566819006,False
23,0.7667550444602966,0.017512437810945275,0.592670991946645,9.999989867210388,9.999989867210388,,,,8,student,4.734000000000037,3.3194848092033507,0,2.988104809203348,False
23,0.5270004272460938,0.019502487562189055,0.46078074571877115,9.999989867210388,0.46078074571877115,,,,0,teacher,4.789999999999964,5.465046391816001,0,5.129746391816004,False
23,0.38007864356040955,0.018109452736318407,0.36431157348320314,9.999989867210388,0.36431157348320314,,,,0,teacher,3.2040000000000646,4.20068921760669,0,-6.023590782393315,True
24,0.15246619284152985,0.020497512437810946,0.2418392461539341,9.999989867210388,9.999989867210388,,,,3,student,0.0,0.0,0,0.0,False
24,0.15246619284152985,0.020497512437810946,0.2418392461539341,9.999989867210388,9.999989867210388,,,,3,student,4.966000000000008,0.0,0,-0.3476200000000006,False
24,0.7971991300582886,0.019502487562189055,0.622899967406088,9.999989867210388,0.622899967406088,,,,3,teacher,5.065999999999917,0.0,0,-0.3546199999999942,False
24,0.8212794065475464,0.024875621890547265,0.6670408834127912,9.999989867210388,0.6670408834127912,,,,5,teacher,4.937000000000012,0.31726602897527556,0,-0.02832397102472528,False
24,0.8212106227874756,0.023482587064676617,0.6596502655464225,9.999989867210388,0.6596502655464225,,,,0,teacher,4.809000000000083,2.7579604785821097,1,-0.5786695214178961,False
24,0.8068346977233887,0.022686567164179106,0.6467181434334287,9.999989867210388,9.999989867210388,,,,9,student,4.516999999999939,6.225120698144558,0,5.908930698144562,False
24,0.6813817024230957,0.010945273631840797,0.49785068453419096,9.999989867210388,0.49785068453419096,,,,1,teacher,4.70799999999997,6.094593332339415,1,2.765033332339417,False
24,0.42423951625823975,0.0191044776119403,0.39677529567442615,9.999989867210388,0.39677529567442615,,,,0,teacher,3.3730000000000473,5.160818317921631,0,-5.0752916820783724,True
25,0.17147257924079895,0.02208955223880597,0.26221880732908476,9.999989867210388,9.999989867210388,,,,9,student,0.0,0.0,0,0.0,False
25,0.17147257924079895,0.02208955223880597,0.26221880732908476,9.999989867210388,9.999989867210388,,,,9,student,4.9809999999999945,6.961051227178556,2,0.6123812271785569,False
25,0.7878158092498779,0.01572139303482587,0.594062893048515,9.999989867210388,0.594062893048515,,,,7,teacher,4.77800000000002,5.5509944415021675,0,5.216534441502166,False
25,0.5044183135032654,0.014527363184079602,0.41626652237552997,9.999989867210388,0.41626652237552997,,,,0,teacher,4.746999999999957,6.308258509450468,0,5.975968509450471,False
25,0.2754868268966675,0.031044776119402984,0.3694253235812507,9.999989867210388,0.3694253235812507,,,,0,teacher,0.9909999999999854,0.5724969883267038,0,-9.496873011673294,True
26,0.8772625923156738,0.019502487562189055,0.6709380447605192,9.999989867210388,0.6709380447605192,,,,0,teacher,0.0,0.0,0,0.0,False
26,0.8772625923156738,0.019502487562189055,0.6709380447605192,9.999989867210388,0.6709380447605192,,,,0,teacher,4.8110000000000355,5.903868263919268,2,-0.43290173608073435,False
26,0.6348348259925842,0.017512437810945275,0.5135188608660175,9.999989867210388,9.999989867210388,,,,5,student,4.677999999999997,2.919875924882417,0,2.5924159248824172,False
26,0.42346423864364624,0.00835820895522388,0.3240346216672351,9.999989867210388,0.3240346216672351,,,,0,teacher,4.845000000000027,6.302581342016353,2,-0.03656865798364883,False
26,0.2834153473377228,0.02965174129353234,0.3678052876797416,9.999989867210388,0.3678052876797416,,,,0,teacher,0.21699999999998454,0.36015632830854316,0,-9.655033671691456,True
27,0.8801133632659912,0.019701492537313434,0.6738149202191642,9.999989867210388,0.6738149202191642,,,,1,teacher,0.0,0.0,0,0.0,False
27,0.8801133632659912,0.019701492537313434,0.6738149202191642,9.999989867210388,0.6738149202191642,,,,1,teacher,5.045000000000073,4.318126888693557,2,-2.035023111306448,False
27,0.6875191330909729,0.01691542288557214,0.5414326074303428,9.999989867210388,0.5414326074303428,,,,7,teacher,4.713999999999942,5.659800023813631,1,2.3298200238136353,False
27,0.4349410831928253,0.010945273631840797,0.3499863129960287,9.999989867210388,0.3499863129960287,,,,3,teacher,4.9669999999999845,2.075211737914959,1,-1.2724782620850401,False
27,0.26894938945770264,0.032039800995024875,0.36993448077632984,9.999989867210388,0.36993448077632984,,,,0,teacher,3.7490000000000236,4.775081080722207,0,-5.487348919277795,True
28,0.19993773102760315,0.02308457711442786,0.28474310270954806,9.999989867210388,0.28474310270954806,,,,1,teacher,0.0,0.0,0,0.0,False
28,0.19993773102760315,0.02308457711442786,0.28474310270954806,9.999989867210388,0.28474310270954806,,,,1,teacher,5.052999999999997,0.5862058732563789,0,0.232495873256379,False
28,0.828816294670105,0.026069651741293533,0.6776777319962044,9.999989867210388,0.6776777319962044,,,,0,teacher,4.699000000000069,0.18439126933856187,0,-0.14453873066144302,False
28,0.826718807220459,0.027860696517412936,0.6852821420338475,9.999989867210388,9.999989867210388,,,,6,student,4.756999999999948,1.3815065107249502,0,1.0485165107249539,False
28,0.8177652359008789,0.023283582089552238,0.6565137721982623,9.999989867210388,0.6565137721982623,,,,0,teacher,4.721000000000004,8.008204610669415,1,4.677734610669415,False
28,0.6960386633872986,0.015124378109452736,0.5351443000051203,9.999989867210388,9.999989867210388,,,,7,student,4.9249999999999545,5.399054470563552,1,2.0543044705635554,False
28,0.4250536561012268,0.01711442786069652,0.3851912450341015,9.999989867210388,0.3851912450341015,,,,2,teacher,3.935000000000059,4.811678694865127,0,-5.463771305134877,True
29,0.21300038695335388,0.022487562189054726,0.2893285389247696,9.999989867210388,0.2893285389247696,,,,0,teacher,0.0,0.0,0,0.0,False
29,0.21300038695335388,0.022487562189054726,0.2893285389247696,9.999989867210388,0.2893285389247696,,,,0,teacher,5.001999999999953,6.890285870273988,1,3.5401458702739914,False
29,0.8158155679702759,0.017512437810945275,0.6221073060526325,9.999989867210388,0.6221073060526325,,,,1,teacher,4.94399999999996,6.763300911714824,0,6.417220911714827,False
29,0.5405287742614746,0.008756218905472637,0.3972808539045546,9.999989867210388,9.999989867210388,,,,8,student,4.7140000000000555,5.490021062033143,0,5.160041062033139,False
29,0.2855941653251648,0.022487562189054726,0.3328848059478562,9.999989867210388,9.999989867210388,,,,0,student,1.9529999999999745,1.1162706125338182,0,-9.02043938746618,True
30,0.054841298609972,0.022686567164179106,0.19552210396537872,9.999989867210388,0.19552210396537872,,,,0,teacher,0.0,0.0,0,0.0,False
30,0.054841298609972,0.022686567164179106,0.19552210396537872,9.999989867210388,0.19552210396537872,,,,0,teacher,4.711999999999989,8.038957784648716,0,7.709117784648717,False
30,0.6486554741859436,0.01711442786069652,0.5193523358849316,9.999989867210388,0.5193523358849316,,,,4,teacher,4.845000000000027,5.38969551820073,0,5.050545518200728,False
30,0.35651999711990356,0.01791044776119403,0.34896647069367315,9.999989867210388,0.34896647069367315,,,,0,teacher,3.3339999999999463,4.191271386595249,1,-9.042108613404748,True
31,0.14197511970996857,0.019303482587064675,0.22859379726655682,9.999989867210388,9.999989867210388,,,,2,student,0.0,0.0,0,0.0,False
31,0.14197511970996857,0.019303482587064675,0.22859379726655682,9.999989867210388,9.999989867210388,,,,2,student,4.715000000000032,6.711901416674008,0,6.381851416674006,False
31,0.7511125206947327,0.016318407960199004,0.5758406896307562,9.999989867210388,0.5758406896307562,,,,1,teacher,4.993000000000052,2.866360785318671,1,-0.48314921468133276,False
31,0.5240067839622498,0.015522388059701492,0.43449924901090753,9.999989867210388,0.43449924901090753,,,,0,teacher,4.830999999999904,5.726346478877258,0,5.388176478877265,False
31,0.4017253816127777,0.015124378109452736,0.35855633094040773,9.999989867210388,0.35855633094040773,,,,0,teacher,3.393000000000029,4.4421006472255,0,-5.795409352774502,True
32,0.1696111559867859,0.02308457711442786,0.2665471576850577,9.999989867210388,0.2665471576850577,,,,6,teacher,0.0,0.0,0,0.0,False
32,0.1696111559867859,0.02308457711442786,0.2665471576850577,9.999989867210388,0.2665471576850577,,,,6,teacher,4.871999999999957,0.2729289873748719,0,-0.06811101262512514,False
32,0.7941480278968811,0.020696517412935322,0.6279883691864365,9.999989867210388,0.6279883691864365,,,,1,teacher,5.0610000000000355,0.0,0,-0.3542700000000025,False
32,0.8179594874382019,0.023880597014925373,0.6598234802254701,9.999989867210388,9.999989867210388,,,,3,student,4.7309999999999945,0.0,0,-0.33116999999999963,False
32,0.8302553296089172,0.026069651741293533,0.6785411529594918,9.999989867210388,0.6785411529594918,,,,6,teacher,4.759999999999991,1.1404635745351541,0,0.8072635745351547,False
32,0.8210777044296265,0.02208955223880597,0.6519818824423812,9.999989867210388,9.999989867210388,,,,0,student,4.859000000000037,5.705762537366958,3,-3.634367462633045,False
32,0.7182005047798157,0.016119402985074627,0.5548326830609016,9.999989867210388,0.5548326830609016,,,,6,teacher,4.904999999999973,5.206560052361876,1,1.863210052361878,False
32,0.5386092066764832,0.010746268656716417,0.4107605411832778,9.999989867210388,0.4107605411832778,,,,1,teacher,4.821000000000026,4.500423799909472,1,1.1629537999094701,False
32,0.3089400827884674,0.019502487562189055,0.3299445390441953,9.999989867210388,0.3299445390441953,,,,1,teacher,2.6929999999999836,3.3974981339888473,0,-6.791011866011152,True
33,0.13331174850463867,0.02109452736318408,0.2337510510612143,9.999989867210388,9.999989867210388,,,,1,student,0.0,0.0,0,0.0,False
33,0.13331174850463867,0.02109452736318408,0.2337510510612143,9.999989867210388,9.999989867210388,,,,1,student,5.02800000000002,7.691115440304589,0,7.339155440304587,False
33,0.7064338326454163,0.015522388059701492,0.5439554782208074,9.999989867210388,0.5439554782208074,,,,0,teacher,4.836000000000013,5.943666955104494,1,2.605146955104493,False
33,0.4357987344264984,0.019303482587064675,0.4048879660964747,9.999989867210388,0.4048879660964747,,,,2,teacher,4.0049999999999955,5.508381742664357,0,-4.771968257335643,True
34,0.20329686999320984,0.022885572139303482,0.28567949167181295,9.999989867210388,0.28567949167181295,,,,8,teacher,0.0,0.0,0,0.0,False
34,0.20329686999320984,0.022885572139303482,0.28567949167181295,9.999989867210388,0.28567949167181295,,,,8,teacher,4.927000000000021,6.187438369127623,0,5.842548369127622,False
34,0.8372387886047363,0.025472636815920397,0.679694860987356,9.999989867210388,0.679694860987356,,,,0,teacher,4.857999999999947,7.64078141898758,0,7.3007214189875835,False
34,0.5735470056533813,0.00955223880597015,0.4230248467716941,9.999989867210388,0.4230248467716941,,,,2,teacher,4.777000000000044,3.8896933024985656,0,3.5553033024985625,False
34,0.2896585166454315,0.023482587064676617,0.34071900186119597,9.999989867210388,0.34071900186119597,,,,0,teacher,3.1920000000000073,3.165316076005762,0,-7.058123923994239,True
35,0.14601698517799377,0.020696517412935322,0.23910974355510406,9.999989867210388,0.23910974355510406,,,,0,teacher,0.0,0.0,0,0.0,False
35,0.14601698517799377,0.020696517412935322,0.23910974355510406,9.999989867210388,0.23910974355510406,,,,0,teacher,4.977000000000089,7.2397302797201295,1,3.891340279720123,False
35,0.7297200560569763,0.019701492537313434,0.5835789358937553,9.999989867210388,0.5835789358937553,,,,2,teacher,4.821999999999889,3.4275025151447327,0,3.0899625151447405,False
35,0.5066961050033569,0.00855721393034826,0.37548093834070956,9.999989867210388,0.37548093834070956,,,,3,teacher,4.580000000000041,6.090993886200003,0,5.770393886200001,False
35,0.3397691547870636,0.017512437810945275,0.33647945814270513,9.999989867210388,9.999989867210388,,,,1,student,2.36099999999999,2.4712957205324457,0,-7.693974279467554,True
36,0.09836996346712112,0.022885572139303482,0.2227233477561597,9.999989867210388,0.2227233477561597,,,,2,teacher,0.0,0.0,0,0.0,False
36,0.09836996346712112,0.022885572139303482,0.2227233477561597,9.999989867210388,0.2227233477561597,,,,2,teacher,5.259999999999991,0.0,0,-0.3681999999999994,False
36,0.8219764232635498,0.024676616915422885,0.6664235481330933,9.999989867210388,0.6664235481330933,,,,3,teacher,4.817000000000007,0.2904670385222907,0,-0.04672296147770982,False
36,0.8266927003860474,0.025472636815920397,0.6733672080561426,9.999989867210388,0.6733672080561426,,,,3,teacher,5.022000000000048,1.305828777993188,2,-5.045711222006815,False
36,0.8160491585731506,0.02109452736318408,0.6433934971023214,9.999989867210388,0.6433934971023214,,,,0,teacher,4.780999999999949,6.347053521235063,2,0.012383521235066475,False
36,0.752439022064209,0.01373134328358209,0.5597873973801104,9.999989867210388,0.5597873973801104,,,,2,teacher,4.730000000000018,6.418779684527332,0,6.087679684527331,False
36,0.48146334290504456,0.007562189054726368,0.3527358346140207,9.999989867210388,0.3527358346140207,,,,0,teacher,4.398000000000025,6.093604285028568,1,-7.214255714971434,True
37,0.23725999891757965,0.027064676616915424,0.3277128272241622,9.999989867210388,0.3277128272241622,,,,1,teacher,0.0,0.0,0,0.0,False
37,0.23725999891757965,0.027064676616915424,0.3277128272241622,9.999989867210388,0.3277128272241622,,,,1,teacher,4.980000000000018,6.56140941337353,0,6.212809413373529,False
37,0.846423327922821,0.02447761194029851,0.6800513949460867,9.999989867210388,9.999989867210388,,,,7,student,4.904999999999973,5.438833724760585,0,5.095483724760586,False
37,0.5871144533157349,0.016318407960199004,0.4774418492033575,9.999989867210388,9.999989867210388,,,,7,student,4.591000000000008,4.788171011359223,0,4.466801011359222,False
37,0.3866215646266937,0.016517412935323383,0.3584011553853096,9.999989867210388,0.3584011553853096,,,,0,teacher,3.562999999999988,4.843438744593026,0,-5.405971255406973,True
38,0.17708036303520203,0.02308457711442786,0.2710286819141074,9.999989867210388,0.2710286819141074,,,,0,teacher,0.0,0.0,0,0.0,False
38,0.17708036303520203,0.02308457711442786,0.2710286819141074,9.999989867210388,0.2710286819141074,,,,0,teacher,4.789999999999964,6.777148633550794,0,6.441848633550797,False
38,0.8012717962265015,0.018109452736318407,0.6170274650828583,9.999989867210388,0.6170274650828583,,,,6,teacher,4.836000000000013,6.824465923893326,0,6.4859459238933255,False
38,0.539574146270752,0.009950248756218905,0.40556717150033134,9.999989867210388,0.40556717150033134,,,,2,teacher,4.6749999999999545,6.388685814239815,0,-3.938564185760182,True
39,0.2662605941295624,0.032238805970149255,0.36919542195495697,9.999989867210388,0.36919542195495697,,,,1,teacher,0.0,0.0,0,0.0,False
39,0.2662605941295624,0.032238805970149255,0.36919542195495697,9.999989867210388,0.36919542195495697,,,,1,teacher,4.831999999999994,5.638149250183535,0,5.299909250183535,False
39,0.8684894442558289,0.018507462686567163,0.6597613331892951,9.999989867210388,0.6597613331892951,,,,0,teacher,4.711000000000013,0.18385069935303022,1,-3.1459193006469706,False
39,0.637001633644104,0.018308457711442787,0.5196697571941157,9.999989867210388,0.5196697571941157,,,,0,teacher,5.0610000000000355,4.625678037254993,0,4.27140803725499,False
39,0.5962088704109192,0.016318407960199004,0.48289849946046814,9.999989867210388,0.48289849946046814,,,,1,teacher,4.819999999999936,3.83755502470885,0,3.5001550247088544,False
39,0.4430219829082489,0.014328358208955224,0.37811490509226453,9.999989867210388,0.37811490509226453,,,,2,teacher,4.663999999999987,2.860990290999224,1,-0.46548970900077524,False
39,0.2843031883239746,0.021293532338308458,0.3254703899038943,9.999989867210388,0.3254703899038943,,,,0,teacher,4.785000000000082,4.187625616573216,1,-9.14732438342679,True
40,0.2057015299797058,0.02527363184079602,0.2997510827505565,9.999989867210388,9.999989867210388,,,,5,student,0.0,0.0,0,0.0,False
40,0.2057015299797058,0.02527363184079602,0.2997510827505565,9.999989867210388,9.999989867210388,,,,5,student,5.283999999999992,1.2957286941335475,0,0.925848694133548,False
40,0.8357649445533752,0.027860696517412936,0.6907098244335974,9.999989867210388,0.6907098244335974,,,,8,teacher,4.937000000000012,1.5256698681792322,1,-1.8199201318207687,False
40,0.8198572397232056,0.020696517412935322,0.6434138962822311,9.999989867210388,0.6434138962822311,,,,2,teacher,4.759999999999991,7.652287764101498,1,4.319087764101498,False
40,0.7100152373313904,0.016119402985074627,0.5499215225918465,9.999989867210388,0.5499215225918465,,,,1,teacher,4.802999999999997,6.8553087799031935,0,6.519098779903194,False
40,0.3966510593891144,0.0191044776119403,0.38022222155295093,9.999989867210388,0.38022222155295093,,,,2,teacher,3.019999999999982,3.834928301196202,0,-6.3764716988037975,True
41,0.14788134396076202,0.021691542288557214,0.24585085136947554,9.999989867210388,0.24585085136947554,,,,0,teacher,0.0,0.0,0,0.0,False
41,0.14788134396076202,0.021691542288557214,0.24585085136947554,9.999989867210388,0.24585085136947554,,,,0,teacher,4.590000000000032,7.806753895597799,0,7.4854538955977965,False
41,0.7180300354957581,0.015920398009950248,0.5534638204303208,9.999989867210388,0.5534638204303208,,,,0,teacher,4.8659999999999854,5.775725623679199,0,5.435105623679201,False
41,0.4449656903743744,0.013134328358208954,0.37127067084528803,9.999989867210388,0.37127067084528803,,,,1,teacher,4.0470000000000255,5.053511736168677,0,-5.229778263831324,True
42,0.22336789965629578,0.02208955223880597,0.2933559995783828,9.999989867210388,0.2933559995783828,,,,0,teacher,0.0,0.0,0,0.0,False
42,0.22336789965629578,0.02208955223880597,0.2933559995783828,9.999989867210388,0.2933559995783828,,,,0,teacher,4.889999999999986,6.768814930727906,0,6.426514930727907,False
42,0.8252004981040955,0.021293532338308458,0.6500087757719668,9.999989867210388,0.6500087757719668,,,,0,teacher,4.6860000000000355,6.428385559472524,0,6.100365559472522,False
42,0.5596784353256226,0.006965174129353234,0.3950173712073363,9.999989867210388,0.3950173712073363,,,,0,teacher,4.866999999999962,6.639028984404666,2,0.2983389844046682,False
42,0.3001003861427307,0.02427860696517413,0.3512125614279791,9.999989867210388,0.3512125614279791,,,,7,teacher,0.8020000000000209,0.7689060459137101,0,-9.287233954086291,True
43,0.8781057596206665,0.019502487562189055,0.6714439451435148,9.999989867210388,0.6714439451435148,,,,6,teacher,0.0,0.0,0,0.0,False
43,0.8781057596206665,0.019502487562189055,0.6714439451435148,9.999989867210388,0.6714439451435148,,,,6,teacher,4.83400000000006,0.4423711831440116,1,-2.8960088168559928,False
43,0.6596808433532715,0.01253731343283582,0.4960112784146453,9.999989867210388,0.4960112784146453,,,,0,teacher,4.94399999999996,3.390632586767838,0,3.044552586767841,False
43,0.6229568719863892,0.017512437810945275,0.5063920884623005,9.999989867210388,0.5063920884623005,,,,5,teacher,4.873000000000047,5.028313207047651,1,1.6872032070476477,False
43,0.5202283263206482,0.009154228855721393,0.3880806901948423,9.999989867210388,0.3880806901948423,,,,0,teacher,4.558999999999969,3.3963992868743453,0,3.0772692868743476,False
43,0.3136734366416931,0.02009950248756219,0.3362678345291097,9.999989867210388,0.3362678345291097,,,,2,teacher,3.3589999999999236,4.33060269551718,0,-5.904527304482815,True
44,0.1654205024242401,0.020895522388059702,0.2518866698145208,9.999989867210388,0.2518866698145208,,,,2,teacher,0.0,0.0,0,0.0,False
44,0.1654205024242401,0.020895522388059702,0.2518866698145208,9.999989867210388,0.2518866698145208,,,,2,teacher,5.096000000000004,0.0,0,-0.3567200000000003,False
44,0.8184537887573242,0.02527363184079602,0.6674024380171275,9.999989867210388,0.6674024380171275,,,,7,teacher,5.13799999999992,0.3564324889063002,0,-0.0032275110936942353,False
44,0.8288078308105469,0.02646766169154229,0.6796738588782395,9.999989867210388,0.6796738588782395,,,,4,teacher,4.929000000000087,1.0635224986263374,0,0.7184924986263312,False
44,0.8140658736228943,0.019701492537313434,0.6341864264333061,9.999989867210388,9.999989867210388,,,,7,student,4.91599999999994,6.249291553216882,2,-0.0948284467831142,False
44,0.7603049874305725,0.013532338308457712,0.5631688821296277,9.999989867210388,0.5631688821296277,,,,1,teacher,4.75,5.528689102778458,0,5.196189102778458,False
44,0.5000494718551636,0.009353233830845771,0.37745323099460043,9.999989867210388,0.37745323099460043,,,,0,teacher,4.904999999999973,6.44003801569377,1,3.096688015693772,False
44,0.28127366304397583,0.03144278606965174,0.37468225270779554,9.999989867210388,9.999989867210388,,,,9,student,0.48900000000003274,0.6305841838509205,0,-9.403645816149082,True
45,0.8782986998558044,0.01990049751243781,0.6738872084557875,9.999989867210388,0.6738872084557875,,,,4,teacher,0.0,0.0,0,0.0,False
45,0.8782986998558044,0.01990049751243781,0.6738872084557875,9.999989867210388,0.6738872084557875,,,,4,teacher,5.051999999999907,5.179601389425249,2,-1.174038610574744,False
45,0.7101297378540039,0.02308457711442786,0.5908583068053885,9.999989867210388,0.5908583068053885,,,,4,teacher,4.665000000000191,2.9085793224204526,0,2.582029322420439,False
45,0.488037109375,0.009950248756218905,0.3746449493628801,9.999989867210388,9.999989867210388,,,,3,student,4.688999999999851,4.64541774670471,0,4.31718774670472,False
45,0.3763601779937744,0.019701492537313434,0.37156300905583417,9.999989867210388,0.37156300905583417,,,,0,teacher,3.150000000000091,4.208134503067512,0,-6.012365496932494,True
46,0.177877739071846,0.02666666666666667,0.290109557551673,9.999989867210388,0.290109557551673,,,,0,teacher,0.0,0.0,0,0.0,False
46,0.177877739071846,0.02666666666666667,0.290109557551673,9.999989867210388,0.290109557551673,,,,0,teacher,5.067000000000007,7.041453834371456,1,3.6867638343714555,False
46,0.7315173745155334,0.01472636815920398,0.553833778150848,9.999989867210388,9.999989867210388,,,,3,student,4.826999999999998,7.3925852579808495,0,7.05469525798085,False
46,0.42573514580726624,0.014925373134328358,0.37166628773437527,9.999989867210388,0.37166628773437527,,,,4,teacher,4.875999999999976,3.9887549787843204,1,0.6474349787843221,False
46,0.20809122920036316,0.03482587064676617,0.3453019003502778,9.999989867210388,0.3453019003502778,,,,3,teacher,0.5050000000001091,0.6218200151972609,0,-9.413529984802746,True
47,0.8799987435340881,0.019303482587064675,0.6714079715610286,9.999989867210388,9.999989867210388,,,,4,student,0.0,0.0,0,0.0,False
47,0.8799987435340881,0.019303482587064675,0.6714079715610286,9.999989867210388,9.999989867210388,,,,4,student,4.889000000000124,6.315651413975665,0,5.9734214139756565,False
47,0.6445178389549255,0.01890547263681592,0.5277597495197017,9.999989867210388,0.5277597495197017,,,,4,teacher,4.801999999999907,5.777207059601107,1,2.4410670596011137,False
47,0.3697696626186371,0.02009950248756219,0.36992557011527605,9.999989867210388,0.36992557011527605,,,,2,teacher,3.3070000000000164,3.4844827157407363,0,-6.747007284259265,True
48,0.15200704336166382,0.02427860696517413,0.26235655575933897,9.999989867210388,0.26235655575933897,,,,2,teacher,0.0,0.0,0,0.0,False
48,0.15200704336166382,0.02427860696517413,0.26235655575933897,9.999989867210388,0.26235655575933897,,,,2,teacher,5.108999999999924,0.0,0,-0.3576299999999947,False
48,0.8205713033676147,0.02626865671641791,0.6737336297458933,9.999989867210388,9.999989867210388,,,,8,student,5.167000000000144,0.36097645265449785,0,-0.0007135473455122665,False
48,0.8297327756881714,0.030049751243781096,0.6974386836132027,9.999989867210388,0.6974386836132027,,,,6,teacher,4.894999999999982,2.3790639296348814,1,-0.9635860703651171,False
48,0.8206348419189453,0.021691542288557214,0.6495029501443855,9.999989867210388,0.6495029501443855,,,,0,teacher,5.114000000000033,7.31819828223181,0,6.960218282231808,False
48,0.7014527320861816,0.01154228855721393,0.5141342689107313,9.999989867210388,9.999989867210388,,,,2,student,4.663999999999987,5.137822009186636,0,4.811342009186637,False
48,0.4008769392967224,0.018706467661691543,0.3803872449261777,9.999989867210388,0.3803872449261777,,,,0,teacher,4.280999999999949,4.720340880169268,1,-8.579329119830728,True
49,0.21310265362262726,0.022885572139303482,0.2915629618494634,9.999989867210388,0.2915629618494634,,,,0,teacher,0.0,0.0,0,0.0,False
49,0.21310265362262726,0.022885572139303482,0.2915629618494634,9.999989867210388,0.2915629618494634,,,,0,teacher,4.836999999999989,6.648805964994185,0,6.310215964994186,False
49,0.8368396162986755,0.021691542288557214,0.6592258147722236,9.999989867210388,0.6592258147722236,,,,1,teacher,4.7999999999999545,5.168387294770053,0,4.832387294770056,False
49,0.5704527497291565,0.00835820895522388,0.41222772831854126,9.999989867210388,0.41222772831854126,,,,0,teacher,4.832000000000107,4.905735792245364,0,4.5674957922453565,False
49,0.3910658359527588,0.01890547263681592,0.37568854771840166,9.999989867210388,0.37568854771840166,,,,1,teacher,4.501999999999953,4.4489854230471755,1,-8.866154576952821,True
50,0.17868128418922424,0.030248756218905472,0.30772295094034147,9.999989867210388,0.30772295094034147,,,,0,teacher,0.0,0.0,0,0.0,False
50,0.17868128418922424,0.030248756218905472,0.30772295094034147,9.999989867210388,0.30772295094034147,,,,0,teacher,5.082000000000107,7.830240673486884,1,4.474500673486876,False
50,0.8163453936576843,0.01791044776119403,0.6248617086163416,9.999989867210388,0.6248617086163416,,,,2,teacher,4.7690000000000055,6.1974986681791355,0,5.863668668179135,False
50,0.5437542200088501,0.008159203980099502,0.39469449920424216,9.999989867210388,0.39469449920424216,,,,2,teacher,4.788000000000011,6.683086644135667,1,3.347926644135666,False
50,0.28191179037094116,0.030646766169154228,0.3714790604959122,9.999989867210388,0.3714790604959122,,,,9,teacher,0.5879999999999654,0.5602564321514215,0,-9.480903567848577,True
51,0.8780422210693359,0.020298507462686566,0.6760396111202277,9.999989867210388,0.6760396111202277,,,,1,teacher,0.0,0.0,0,0.0,False
51,0.8780422210693359,0.020298507462686566,0.6760396111202277,9.999989867210388,0.6760396111202277,,,,1,teacher,4.832000000000107,5.519283265078672,0,5.181043265078664,False
51,0.6375295519828796,0.018507462686567163,0.5211853978255256,9.999989867210388,0.5211853978255256,,,,2,teacher,4.918999999999869,5.087119240129782,2,-1.2572107598702082,False
51,0.4430343806743622,0.01154228855721393,0.3590832580636396,9.999989867210388,0.3590832580636396,,,,5,teacher,4.554000000000087,5.802274394603192,0,-4.516505605396815,True
52,0.23072490096092224,0.024676616915422885,0.31167263475151685,9.999989867210388,0.31167263475151685,,,,1,teacher,0.0,0.0,0,0.0,False
52,0.23072490096092224,0.024676616915422885,0.31167263475151685,9.999989867210388,0.31167263475151685,,,,1,teacher,4.680000000000064,1.3316573785903643,0,1.0040573785903597,False
52,0.8547362685203552,0.01990049751243781,0.659749749654518,9.999989867210388,0.659749749654518,,,,1,teacher,5.211999999999989,0.0,0,-0.3648399999999993,False
52,0.8280367851257324,0.027064676616915424,0.6821788989490538,9.999989867210388,0.6821788989490538,,,,1,teacher,5.029999999999973,0.5414666668978185,0,0.1893666668978204,False
52,0.8319582939147949,0.02527363184079602,0.67550514111161,9.999989867210388,0.67550514111161,,,,0,teacher,5.115000000000009,1.0273962108641932,0,0.6693462108641925,False
52,0.8121041655540466,0.021890547263681594,0.645493684251157,9.999989867210388,9.999989867210388,,,,7,student,5.009999999999991,7.0362551062624235,0,6.685555106262424,False
52,0.7572187185287476,0.013532338308457712,0.5613171207885327,9.999989867210388,0.5613171207885327,,,,4,teacher,4.850000000000136,5.884445848236871,1,2.5449458482368614,False
52,0.4691077768802643,0.00955223880597015,0.36036130950782386,9.999989867210388,0.36036130950782386,,,,1,teacher,4.90099999999984,2.281782026227531,2,-4.061287973772458,False
52,0.23895332217216492,0.018507462686567163,0.28203965993909674,9.999989867210388,0.28203965993909674,,,,1,teacher,2.3920000000000528,3.2546144691769827,0,-6.912825530823021,True
53,0.12866777181625366,0.02109452736318408,0.2309646650481833,9.999989867210388,0.2309646650481833,,,,1,teacher,0.0,0.0,0,0.0,False
53,0.12866777181625366,0.02109452736318408,0.2309646650481833,9.999989867210388,0.2309646650481833,,,,1,teacher,5.0090000000000146,6.309632101828793,1,2.9590021018287924,False
53,0.727510929107666,0.012338308457711443,0.5353339784820221,9.999989867210388,0.5353339784820221,,,,2,teacher,5.035000000000082,6.669390024221478,1,3.3169400242214726,False
53,0.47573480010032654,0.010746268656716417,0.37303589723758385,9.999989867210388,9.999989867210388,,,,1,student,4.1159999999999854,5.818726650447793,0,-4.469393349552206,True
54,0.22209665179252625,0.025671641791044777,0.3116263374746674,9.999989867210388,0.3116263374746674,,,,3,teacher,0.0,0.0,0,0.0,False
54,0.22209665179252625,0.025671641791044777,0.3116263374746674,9.999989867210388,0.3116263374746674,,,,3,teacher,4.980000000000018,6.605413002520233,0,6.256813002520232,False
54,0.8306564092636108,0.021492537313432834,0.6544016623291435,9.999989867210388,9.999989867210388,,,,6,student,4.8689999999999145,6.703708287608709,0,6.362878287608715,False
54,0.5643512010574341,0.014129353233830846,0.4495925897726983,9.999989867210388,0.4495925897726983,,,,3,teacher,4.4220000000000255,4.9147165879139685,0,4.605176587913967,False
54,0.3129470646381378,0.020298507462686566,0.3369825172615088,9.999989867210388,0.3369825172615088,,,,1,teacher,3.048000000000002,2.9204096397338084,1,-10.292950360266191,True
55,0.1065329983830452,0.01990049751243781,0.21082778757213202,9.999989867210388,0.21082778757213202,,,,2,teacher,0.0,0.0,0,0.0,False
55,0.1065329983830452,0.01990049751243781,0.21082778757213202,9.999989867210388,0.21082778757213202,,,,2,teacher,4.69600000000014,7.914781382493809,1,4.586061382493799,False
55,0.7255218029022217,0.02009950248756219,0.5833768542854267,9.999989867210388,9.999989867210388,,,,6,student,4.688999999999851,5.9105296304494725,1,2.5822996304494827,False
55,0.4410315454006195,0.013930348258706468,0.37427489523591484,9.999989867210388,0.37427489523591484,,,,5,teacher,4.138000000000147,5.296335023332933,0,-4.993324976667077,True
56,0.21867696940898895,0.022686567164179106,0.2938235064447889,9.999989867210388,0.2938235064447889,,,,0,teacher,0.0,0.0,0,0.0,False
56,0.21867696940898895,0.022686567164179106,0.2938235064447889,9.999989867210388,0.2938235064447889,,,,0,teacher,5.000999999999976,1.0818308750611791,0,0.7317608750611808,False
56,0.8412415385246277,0.024676616915422885,0.6779826172897401,9.999989867210388,9.999989867210388,,,,3,student,5.031000000000176,0.0,0,-0.35217000000001236,False
56,0.8281198143959045,0.02746268656716418,0.6841846430729572,9.999989867210388,9.999989867210388,,,,8,student,4.856999999999971,0.6225222057389175,1,-2.7174677942610805,False
56,0.8338464498519897,0.02646766169154229,0.6826970303031052,9.999989867210388,0.6826970303031052,,,,0,teacher,4.787000000000035,2.2790227426517227,1,-1.0560672573482797,False
56,0.8057165145874023,0.023482587064676617,0.6503538006263785,9.999989867210388,0.6503538006263785,,,,4,teacher,4.858999999999924,4.91173915186836,0,4.5716091518683655,False
56,0.6838294863700867,0.01671641791044776,0.5379752164942861,9.999989867210388,0.5379752164942861,,,,1,teacher,4.979000000000042,6.388559196298124,0,6.040029196298121,False
56,0.5164227485656738,0.007562189054726368,0.3737114780103982,9.999989867210388,9.999989867210388,,,,3,student,4.434999999999945,5.8170542795758795,1,-7.493395720424116,True
57,0.2477542906999588,0.02845771144278607,0.34077752321703736,9.999989867210388,0.34077752321703736,,,,3,teacher,0.0,0.0,0,0.0,False
57,0.2477542906999588,0.02845771144278607,0.34077752321703736,9.999989867210388,0.34077752321703736,,,,3,teacher,4.703999999999951,5.394451662806738,0,5.065171662806741,False
57,0.8528883457183838,0.021691542288557214,0.6688550524240485,9.999989867210388,9.999989867210388,,,,3,student,4.980000000000018,6.430843538601758,1,3.082243538601757,False
57,0.64973384141922,0.013333333333333334,0.49548196140307615,9.999989867210388,9.999989867210388,,,,4,student,4.858000000000175,6.131365485958326,0,5.791305485958313,False
57,0.3631071150302887,0.019701492537313434,0.3636111712777428,9.999989867210388,0.3636111712777428,,,,1,teacher,2.66599999999994,3.6022280272001925,2,-12.584391972799803,True
58,0.11736289411783218,0.021293532338308458,0.2253062133802089,9.999989867210388,0.2253062133802089,,,,3,teacher,0.0,0.0,0,0.0,False
58,0.11736289411783218,0.021293532338308458,0.2253062133802089,9.999989867210388,0.2253062133802089,,,,3,teacher,4.8559999999999945,7.013065437509754,0,6.6731454375097545,False
58,0.7192121148109436,0.018308457711442787,0.5689960458942195,9.999989867210388,0.5689960458942195,,,,3,teacher,4.91800000000012,5.848964824386234,0,5.504704824386226,False
58,0.4439251720905304,0.01771144278606965,0.40019411013855866,9.999989867210388,0.40019411013855866,,,,0,teacher,4.134999999999991,5.481591084555656,0,-4.807858915444344,True
59,0.21277718245983124,0.022885572139303482,0.29136767915178574,9.999989867210388,0.29136767915178574,,,,3,teacher,0.0,0.0,0,0.0,False
59,0.21277718245983124,0.022885572139303482,0.29136767915178574,9.999989867210388,0.29136767915178574,,,,3,teacher,4.79099999999994,6.375522963511905,0,6.040152963511909,False
59,0.8365721106529236,0.024875621890547265,0.6762165058760174,9.999989867210388,0.6762165058760174,,,,0,teacher,4.991999999999962,5.4356716461815555,0,5.086231646181558,False
59,0.582493245601654,0.01572139303482587,0.4708693548595807,9.999989867210388,9.999989867210388,,,,6,student,4.848999999999933,5.593577448967245,0,5.25414744896725,False
59,0.36824581027030945,0.019701492537313434,0.36669438842175517,9.999989867210388,0.36669438842175517,,,,0,teacher,3.2230000000001837,0.0,0,-10.225610000000012,True
60,0.1359093338251114,0.022686567164179106,0.24416292509446236,9.999989867210388,0.24416292509446236,,,,0,teacher,0.0,0.0,0,0.0,False
60,0.1359093338251114,0.022686567164179106,0.24416292509446236,9.999989867210388,0.24416292509446236,,,,0,teacher,4.770000000000209,0.0,1,-3.3339000000000145,False
60,0.8003606200218201,0.019303482587064675,0.6236250974536677,9.999989867210388,0.6236250974536677,,,,3,teacher,4.976999999999862,0.0,0,-0.3483899999999904,False
60,0.8296484351158142,0.02228855721393035,0.6582233537905184,9.999989867210388,0.6582233537905184,,,,3,teacher,4.958000000000084,0.43242907692587806,0,0.0853690769258722,False
60,0.8283237814903259,0.02447761194029851,0.6691916670865896,9.999989867210388,0.6691916670865896,,,,0,teacher,4.870999999999867,1.5983802257217263,1,-1.7425897742782643,False
60,0.808954656124115,0.021691542288557214,0.6424948386674872,9.999989867210388,0.6424948386674872,,,,5,teacher,4.810000000000173,7.077687771403621,0,6.740987771403609,False
60,0.7174144387245178,0.016517412935323383,0.5568768798440041,9.999989867210388,0.5568768798440041,,,,5,teacher,4.833999999999833,5.777684943900596,0,5.439304943900607,False
60,0.44103530049324036,0.01253731343283582,0.36482395269862666,9.999989867210388,0.36482395269862666,,,,4,teacher,4.745000000000118,0.3773901449685084,2,-5.9547598550315,False
60,0.21724484860897064,0.028059701492537312,0.32056018557651506,9.999989867210388,0.32056018557651506,,,,3,teacher,3.788000000000011,5.260434892083245,1,-8.004725107916755,True
61,0.20252670347690582,0.026069651741293533,0.3019039772802849,9.999989867210388,0.3019039772802849,,,,1,teacher,0.0,0.0,0,0.0,False
61,0.20252670347690582,0.026069651741293533,0.3019039772802849,9.999989867210388,0.3019039772802849,,,,1,teacher,4.961999999999989,6.990664076899906,1,3.6433240768999067,False
61,0.8085089921951294,0.015323383084577114,0.6039164810759404,9.999989867210388,9.999989867210388,,,,1,student,4.932000000000016,6.6387935886993095,1,3.293553588699308,False
61,0.5347968935966492,0.008955223880597015,0.3953351880975584,9.999989867210388,0.3953351880975584,,,,1,teacher,4.8940000000000055,4.7745279776737135,1,1.4319479776737127,False
61,0.2733374834060669,0.032238805970149255,0.37344155552085967,9.999989867210388,0.37344155552085967,,,,1,teacher,2.1000000000001364,1.8995522502611841,0,-8.247447749738825,True
62,0.07145126163959503,0.021691542288557214,0.19999280197677533,9.999989867210388,9.999989867210388,,,,0,student,0.0,0.0,0,0.0,False
62,0.07145126163959503,0.021691542288557214,0.19999280197677533,9.999989867210388,9.999989867210388,,,,0,student,4.948000000000093,8.491836136686171,0,8.145476136686165,False
62,0.6691031455993652,0.01791044776119403,0.5365163597813501,9.999989867210388,9.999989867210388,,,,6,student,4.865000000000009,3.7445457987227027,2,-2.596004201277298,False
62,0.3628700077533722,0.011741293532338309,0.31238539818082933,9.999989867210388,0.31238539818082933,,,,2,teacher,4.511999999999944,5.888208506654238,0,-4.427631493345758,True
63,0.22858121991157532,0.022487562189054726,0.29867703869970247,9.999989867210388,0.29867703869970247,,,,1,teacher,0.0,0.0,0,0.0,False
63,0.22858121991157532,0.022487562189054726,0.29867703869970247,9.999989867210388,0.29867703869970247,,,,1,teacher,5.099999999999909,6.840415764859591,0,6.483415764859597,False
63,0.8467890620231628,0.023283582089552238,0.6739280678716326,9.999989867210388,0.6739280678716326,,,,2,teacher,4.73700000000008,0.29797972625352465,2,-6.033610273746481,False
63,0.5735481977462769,0.018507462686567163,0.48279658528356395,9.999989867210388,0.48279658528356395,,,,1,teacher,4.848999999999933,0.0,1,-3.3394299999999952,False
63,0.6033028960227966,0.015124378109452736,0.4795028395864191,9.999989867210388,0.4795028395864191,,,,4,teacher,4.9500000000000455,7.132906196542947,1,3.786406196542944,False
63,0.5859552025794983,0.003582089552238806,0.38320731373757866,9.999989867210388,9.999989867210388,,,,2,student,4.815000000000055,2.6011400841822487,2,-3.7359099158177553,False
63,0.3056810200214386,0.016318407960199004,0.3085817892267798,9.999989867210388,0.3085817892267798,,,,0,teacher,4.814000000000078,4.981689708179718,1,1.644709708179712,False
63,0.20790499448776245,0.029054726368159204,0.3197028411724382,9.999989867210388,0.3197028411724382,,,,1,teacher,0.34799999999995634,0.551705964576098,0,-9.472654035423899,True
64,0.8781998753547668,0.020895522388059702,0.6795542935728369,9.999989867210388,0.6795542935728369,,,,4,teacher,0.0,0.0,0,0.0,False
64,0.8781998753547668,0.020895522388059702,0.6795542935728369,9.999989867210388,0.6795542935728369,,,,4,teacher,4.84699999999998,7.895572351528859,1,4.556282351528861,False
64,0.6068651676177979,0.01572139303482587,0.485492508069267,9.999989867210388,0.485492508069267,,,,3,teacher,4.766000000000076,5.082217610118932,1,1.7485976101189271,False
64,0.3100646734237671,0.020497512437810946,0.33639833450327644,9.999989867210388,0.33639833450327644,,,,0,teacher,2.2180000000000746,2.7637808720888537,0,-7.391479127911151,True
65,0.08687783032655716,0.020696517412935322,0.2036262506442421,9.999989867210388,0.2036262506442421,,,,3,teacher,0.0,0.0,0,0.0,False
65,0.08687783032655716,0.020696517412935322,0.2036262506442421,9.999989867210388,0.2036262506442421,,,,3,teacher,5.014000000000124,2.7109152975434228,1,-0.640064702456586,False
65,0.7086586952209473,0.015522388059701492,0.545290395766126,9.999989867210388,9.999989867210388,,,,2,student,4.729000000000042,0.9701450467066728,1,-2.36088495329333,False
65,0.6474985480308533,0.01771144278606965,0.5223381357027523,9.999989867210388,0.5223381357027523,,,,0,teacher,4.666999999999916,6.491776684989768,1,3.165086684989774,False
65,0.558685839176178,0.009353233830845771,0.4126350513872091,9.999989867210388,0.4126350513872091,,,,0,teacher,4.7409999999999854,6.16729553356941,0,5.835425533569412,False
65,0.30292844772338867,0.019502487562189055,0.3263375580051481,9.999989867210388,0.3263375580051481,,,,0,teacher,1.719000000000051,1.6542328913193003,0,-8.466097108680703,True
66,0.05439136549830437,0.022885572139303482,0.19633618897486965,9.999989867210388,0.19633618897486965,,,,0,teacher,0.0,0.0,0,0.0,False
66,0.05439136549830437,0.022885572139303482,0.19633618897486965,9.999989867210388,0.19633618897486965,,,,0,teacher,4.903999999999996,7.8975632366769375,1,4.5542832366769375,False
66,0.6228125691413879,0.010746268656716417,0.4612825586622207,9.999989867210388,0.4612825586622207,,,,5,teacher,4.761999999999944,2.8578347900733236,1,-0.47550520992667256,False
66,0.3886682987213135,0.00417910447761194,0.26985875954490357,9.999989867210388,0.26985875954490357,,,,1,teacher,4.591000000000122,6.023893957617613,0,-4.297476042382396,True
67,0.2524433732032776,0.03263681592039801,0.36264156761925304,9.999989867210388,9.999989867210388,,,,8,student,0.0,0.0,0,0.0,False
67,0.2524433732032776,0.03263681592039801,0.36264156761925304,9.999989867210388,9.999989867210388,,,,8,student,4.994999999999891,6.2814326150744915,0,5.931782615074499,False
67,0.8589733242988586,0.01890547263681592,0.6564330407260616,9.999989867210388,0.6564330407260616,,,,0,teacher,5.195000000000164,0.0,4,-12.363650000000012,False
67,0.6090011596679688,0.017512437810945275,0.4980186610712482,9.999989867210388,9.999989867210388,,,,5,student,4.801999999999907,3.528785280889746,2,-2.8073547191102475,False
67,0.6686533093452454,0.018308457711442787,0.5386607626148006,9.999989867210388,0.5386607626148006,,,,3,teacher,4.7000000000000455,7.386236824284003,0,7.057236824284,False
67,0.44734326004981995,0.018507462686567163,0.4070736226656898,9.999989867210388,0.4070736226656898,,,,0,teacher,4.259999999999991,5.517769766516555,1,-7.780430233483445,True
68,0.2112923264503479,0.02507462686567164,0.30207945168519,9.999989867210388,0.30207945168519,,,,1,teacher,0.0,0.0,0,0.0,False
68,0.2112923264503479,0.02507462686567164,0.30207945168519,9.999989867210388,0.30207945168519,,,,1,teacher,4.9249999999999545,1.2605389605082529,0,0.9157889605082561,False
68,0.8473020792007446,0.02527363184079602,0.6847114122831798,9.999989867210388,0.6847114122831798,,,,2,teacher,4.958000000000084,2.2431708584363896,1,-1.1038891415636163,False
68,0.8094700574874878,0.023482587064676617,0.6526059263664297,9.999989867210388,0.6526059263664297,,,,3,teacher,4.916999999999916,4.674413025440876,1,1.3302230254408816,False
68,0.6918087005615234,0.017313432835820895,0.5464765423364869,9.999989867210388,0.5464765423364869,,,,5,teacher,5.046000000000049,6.848932108856958,0,6.495712108856954,False
68,0.5135906338691711,0.008159203980099502,0.37659634752043475,9.999989867210388,0.37659634752043475,,,,1,teacher,4.596000000000004,6.214700917838995,1,-7.107019082161005,True
69,0.24562135338783264,0.028059701492537312,0.33758608844383226,9.999989867210388,0.33758608844383226,,,,1,teacher,0.0,0.0,0,0.0,False
69,0.24562135338783264,0.028059701492537312,0.33758608844383226,9.999989867210388,0.33758608844383226,,,,1,teacher,4.723999999999933,4.293753112918669,0,3.9630731129186736,False
69,0.8495141267776489,0.023880597014925373,0.6787562638291383,9.999989867210388,0.6787562638291383,,,,9,teacher,4.7309999999999945,0.4863910227116648,3,-8.844778977288335,False
69,0.7065836191177368,0.0272636815920398,0.6102872007461706,9.999989867210388,0.6102872007461706,,,,3,teacher,4.948000000000093,6.811603400415704,0,6.465243400415697,False
69,0.6550349593162537,0.015124378109452736,0.5105420775624934,9.999989867210388,0.5105420775624934,,,,0,teacher,4.655999999999949,5.360360398730674,0,5.034440398730678,False
69,0.3885691463947296,0.01771144278606965,0.3669804947210782,9.999989867210388,0.3669804947210782,,,,1,teacher,4.885999999999967,3.429414766565814,3,-5.912605233434183,False
69,0.17113101482391357,0.02666666666666667,0.28606152300291354,9.999989867210388,0.28606152300291354,,,,1,teacher,0.79300000000012,1.4243566933766192,0,-8.63115330662339,True
70,0.8768869638442993,0.021691542288557214,0.6832542232995978,9.999989867210388,0.6832542232995978,,,,0,teacher,0.0,0.0,0,0.0,False
70,0.8768869638442993,0.021691542288557214,0.6832542232995978,9.999989867210388,0.6832542232995978,,,,0,teacher,4.820999999999913,1.2443669592590076,0,0.9068969592590137,False
70,0.6979499459266663,0.01771144278606965,0.5526089744402402,9.999989867210388,0.5526089744402402,,,,3,teacher,4.969000000000051,6.333519084726992,2,-0.014310915273011204,False
70,0.635459840297699,0.0191044776119403,0.5235074900981017,9.999989867210388,0.5235074900981017,,,,1,teacher,4.824000000000069,4.729693750999255,1,1.3920137509992498,False
70,0.3836408853530884,0.013134328358208954,0.3344757878325164,9.999989867210388,0.3344757878325164,,,,1,teacher,3.741999999999962,4.597418826433411,1,-8.664521173566587,True
71,0.1916089653968811,0.023681592039800994,0.28295364938075757,9.999989867210388,0.28295364938075757,,,,3,teacher,0.0,0.0,0,0.0,False
71,0.1916089653968811,0.023681592039800994,0.28295364938075757,9.999989867210388,0.28295364938075757,,,,3,teacher,4.6749999999999545,6.411446352884315,1,3.0841963528843186,False
71,0.8015429973602295,0.018109452736318407,0.6171901857630951,9.999989867210388,9.999989867210388,,,,7,student,4.991999999999962,5.993160495798238,0,5.64372049579824,False
71,0.5479550361633301,0.006766169154228856,0.3864199230822161,9.999989867210388,9.999989867210388,,,,8,student,4.895999999999958,6.3636369857376325,0,6.020916985737635,False
71,0.31455233693122864,0.02447761194029851,0.3609288003511313,9.999989867210388,9.999989867210388,,,,2,student,1.3079999999999927,1.136083705131302,0,-8.955476294868697,True
72,0.04182487353682518,0.02109452736318408,0.1788589260805262,9.999989867210388,0.1788589260805262,,,,0,teacher,0.0,0.0,0,0.0,False
72,0.04182487353682518,0.02109452736318408,0.1788589260805262,9.999989867210388,0.1788589260805262,,,,0,teacher,4.788000000000011,4.0532606919392435,1,0.7181006919392425,False
72,0.8063607811927795,0.02109452736318408,0.6375804706740988,9.999989867210388,0.6375804706740988,,,,0,teacher,4.81899999999996,6.059552099338674,1,2.722222099338677,False
72,0.6300029754638672,0.013930348258706468,0.4876577532738634,9.999989867210388,0.4876577532738634,,,,1,teacher,4.696999999999889,5.97729318505566,0,5.6485031850556675,False
72,0.36431974172592163,0.01990049751243781,0.36549983357785787,9.999989867210388,0.36549983357785787,,,,0,teacher,3.030999999999949,4.084592217723258,0,-6.127577782276738,True
73,0.13752014935016632,0.020497512437810946,0.232871620059116,9.999989867210388,0.232871620059116,,,,0,teacher,0.0,0.0,0,0.0,False
73,0.13752014935016632,0.020497512437810946,0.232871620059116,9.999989867210388,0.232871620059116,,,,0,teacher,4.864000000000033,3.360109801295625,1,0.019629801295622862,False
73,0.7087740898132324,0.01691542288557214,0.5541855814636986,9.999989867210388,0.5541855814636986,,,,9,teacher,4.725999999999885,8.275959062136984,0,7.945139062136992,False
73,0.5677410364151001,0.008756218905472637,0.41360821119672986,9.999989867210388,0.41360821119672986,,,,0,teacher,4.804000000000087,6.163377642700343,0,5.827097642700338,False
73,0.2869659662246704,0.02845771144278607,0.36430452853186435,9.999989867210388,0.36430452853186435,,,,0,teacher,0.5309999999999491,0.6678797729503075,0,-9.369290227049689,True
74,0.8753501772880554,0.020298507462686566,0.6744243848514594,9.999989867210388,0.6744243848514594,,,,0,teacher,0.0,0.0,0,0.0,False
74,0.8753501772880554,0.020298507462686566,0.6744243848514594,9.999989867210388,0.6744243848514594,,,,0,teacher,5.31899999999996,7.325560390752978,1,3.9532303907529807,False
74,0.6425331234931946,0.01711442786069652,0.5156789254692822,9.999989867210388,9.999989867210388,,,,7,student,4.730000000000018,4.252465656205391,2,-2.0786343437946098,False
74,0.34531325101852417,0.017313432835820895,0.3385792726106874,9.999989867210388,9.999989867210388,,,,5,student,3.219000000000051,4.063723025146933,0,-6.16160697485307,True
75,0.16935458779335022,0.027064676616915424,0.2869695805496245,9.999989867210388,9.999989867210388,,,,6,student,0.0,0.0,0,0.0,False
75,0.16935458779335022,0.027064676616915424,0.2869695805496245,9.999989867210388,9.999989867210388,,,,6,student,4.879000000000133,6.900475772901894,1,3.5589457729018843,False
75,0.7249940633773804,0.013134328358208954,0.5392876946470916,9.999989867210388,9.999989867210388,,,,6,student,5.0069999999998345,6.743064787347503,0,6.392574787347515,False
75,0.48759931325912476,0.00736318407960199,0.3548753291814133,9.999989867210388,0.3548753291814133,,,,0,teacher,4.335000000000036,5.889547752912538,0,-4.4139022470874645,True
76,0.2227952629327774,0.022487562189054726,0.2952054645124237,9.999989867210388,9.999989867210388,,,,9,student,0.0,0.0,0,0.0,False
76,0.2227952629327774,0.022487562189054726,0.2952054645124237,9.999989867210388,9.999989867210388,,,,9,student,5.020999999999958,5.860102929614685,1,2.508632929614688,False
76,0.8439258933067322,0.018308457711442787,0.6438243129916926,9.999989867210388,9.999989867210388,,,,0,student,4.772000000000162,6.190431953916528,1,2.856391953916517,False
76,0.6106740236282349,0.013930348258706468,0.47606038217248403,9.999989867210388,9.999989867210388,,,,5,student,4.858999999999924,3.3631941970018087,1,0.02306419700181417,False
76,0.3524356186389923,0.014527363184079602,0.3250769054569661,9.999989867210388,0.3250769054569661,,,,1,teacher,4.692000000000007,1.3032339203149634,1,-2.025206079685037,False
76,0.23204375803470612,0.02965174129353234,0.33698233409793155,9.999989867210388,0.33698233409793155,,,,2,teacher,3.5699999999999363,4.809468443802199,1,-8.440431556197797,True
77,0.16764652729034424,0.02646766169154229,0.28297707676611794,9.999989867210388,0.28297707676611794,,,,1,teacher,0.0,0.0,0,0.0,False
77,0.16764652729034424,0.02646766169154229,0.28297707676611794,9.999989867210388,0.28297707676611794,,,,1,teacher,4.856999999999971,6.868980356781284,3,-2.4710096432187143,False
77,0.7989214062690735,0.016318407960199004,0.6045260209753607,9.999989867210388,9.999989867210388,,,,5,student,4.877999999999929,5.839650949074285,0,5.4981909490742895,False
77,0.5444420576095581,0.006368159203980099,0.3811637688851075,9.999989867210388,0.3811637688851075,,,,0,teacher,4.7560000000000855,1.559119568200451,0,1.2261995682004452,False
77,0.3188633322715759,0.011940298507462687,0.28737575995564096,9.999989867210388,0.28737575995564096,,,,0,teacher,4.712999999999965,0.39644430289770405,0,0.06653430289770645,False
77,0.27022138237953186,0.018507462686567163,0.30080049606351694,9.999989867210388,0.30080049606351694,,,,2,teacher,3.115000000000009,5.6167136684398375,0,-4.601336331560163,True
78,0.18739034235477448,0.020696517412935322,0.2639337578611725,9.999989867210388,9.999989867210388,,,,1,student,0.0,0.0,0,0.0,False
78,0.18739034235477448,0.020696517412935322,0.2639337578611725,9.999989867210388,9.999989867210388,,,,1,student,4.8840000000000146,6.8531712542032395,0,6.511291254203238,False
78,0.7629350423812866,0.015522388059701492,0.5778562040623296,9.999989867210388,9.999989867210388,,,,6,student,4.855000000000018,6.222187620631869,0,5.882337620631868,False
78,0.4914093315601349,0.009154228855721393,0.37078929333853433,9.999989867210388,0.37078929333853433,,,,1,teacher,4.548000000000002,6.182025900865033,0,-4.1363340991349675,True
79,0.2596348226070404,0.029850746268656716,0.3544605511348302,9.999989867210388,0.3544605511348302,,,,1,teacher,0.0,0.0,0,0.0,False
79,0.2596348226070404,0.029850746268656716,0.3544605511348302,9.999989867210388,0.3544605511348302,,,,1,teacher,4.976000000000113,6.347091071241122,0,5.998771071241114,False
79,0.8596453666687012,0.020696517412935322,0.6672867724495285,9.999989867210388,9.999989867210388,,,,2,student,4.855000000000018,6.573227164810621,1,3.23337716481062,False
79,0.5847862362861633,0.014328358208955224,0.4631734571190132,9.999989867210388,0.4631734571190132,,,,1,teacher,4.7849999999998545,6.107726602223621,0,5.772776602223631,False
79,0.3348652422428131,0.016318407960199004,0.3260923225596045,9.999989867210388,0.3260923225596045,,,,0,teacher,2.199000000000069,2.417616416029864,0,-7.736313583970141,True
80,0.08484198898077011,0.020696517412935322,0.20240474583676987,9.999989867210388,0.20240474583676987,,,,1,teacher,0.0,0.0,0,0.0,False
80,0.08484198898077011,0.020696517412935322,0.20240474583676987,9.999989867210388,0.20240474583676987,,,,1,teacher,4.979000000000042,8.360687947803356,0,8.012157947803352,False
80,0.657455563545227,0.02208955223880597,0.5538085979117415,9.999989867210388,9.999989867210388,,,,6,student,4.621999999999844,5.542079524069537,0,5.2185395240695485,False
80,0.3776094913482666,0.02228855721393035,0.3869999875299899,9.999989867210388,0.3869999875299899,,,,7,teacher,3.1870000000001255,4.336557096718122,0,-5.8865329032818865,True
81,0.14989784359931946,0.020298507462686566,0.23915298463821777,9.999989867210388,0.23915298463821777,,,,2,teacher,0.0,0.0,0,0.0,False
81,0.14989784359931946,0.020298507462686566,0.23915298463821777,9.999989867210388,0.23915298463821777,,,,2,teacher,4.9529999999999745,0.01783796077551969,1,-3.3288720392244784,False
81,0.8256491422653198,0.021691542288557214,0.6525115303522102,9.999989867210388,0.6525115303522102,,,,6,teacher,5.0909999999998945,0.44430569313269075,0,0.08793569313269811,False
81,0.8215743899345398,0.020298507462686566,0.64215891243935,9.999989867210388,0.64215891243935,,,,1,teacher,5.027000000000044,3.20707628522268,2,-3.144813714777323,False
81,0.8026759624481201,0.02626865671641791,0.6629964251941967,9.999989867210388,0.6629964251941967,,,,0,teacher,4.694999999999936,7.48756243715334,1,4.158912437153345,False
81,0.61664879322052,0.016318407960199004,0.49516245314622864,9.999989867210388,9.999989867210388,,,,5,student,4.7690000000000055,5.548321448290295,0,5.214491448290294,False
81,0.3601832687854767,0.02109452736318408,0.3698739632297171,9.999989867210388,0.3698739632297171,,,,0,teacher,2.3150000000000546,3.802381479721311,0,-6.359668520278692,True
82,0.08640092611312866,0.02109452736318408,0.2056045576263083,9.999989867210388,0.2056045576263083,,,,1,teacher,0.0,0.0,0,0.0,False
82,0.08640092611312866,0.02109452736318408,0.2056045576263083,9.999989867210388,0.2056045576263083,,,,1,teacher,5.0620000000001255,1.8471247811063876,0,1.4927847811063788,False
82,0.7138258218765259,0.019502487562189055,0.5728759824970304,9.999989867210388,0.5728759824970304,,,,0,teacher,4.951000000000022,4.314324405471005,1,0.9677544054710037,False
82,0.6608774065971375,0.01711442786069652,0.5266854953316479,9.999989867210388,0.5266854953316479,,,,3,teacher,4.857999999999947,4.661790694137519,0,4.321730694137522,False
82,0.4561808109283447,0.014527363184079602,0.38732402083057754,9.999989867210388,9.999989867210388,,,,2,student,4.70900000000006,3.9851005491566074,0,3.655470549156603,False
82,0.2861696779727936,0.018109452736318407,0.30796619413063353,9.999989867210388,0.30796619413063353,,,,0,teacher,1.709999999999809,3.223996712434365,1,-9.895703287565622,True
83,0.07040293514728546,0.02308457711442786,0.20702222518135746,9.999989867210388,0.20702222518135746,,,,0,teacher,0.0,0.0,0,0.0,False
83,0.07040293514728546,0.02308457711442786,0.20702222518135746,9.999989867210388,0.20702222518135746,,,,0,teacher,4.90300000000002,7.686452190563964,2,1.343242190563962,False
83,0.6359784007072449,0.015323383084577114,0.5003981261832098,9.999989867210388,9.999989867210388,,,,4,student,4.979000000000042,3.724738568783093,1,0.37620856878309006,False
83,0.39911288022994995,0.010348258706467661,0.324189788818687,9.999989867210388,0.324189788818687,,,,3,teacher,4.38799999999992,5.618986824084953,0,-4.688173175915042,True
84,0.22984488308429718,0.023681592039800994,0.30589519999320725,9.999989867210388,0.30589519999320725,,,,2,teacher,0.0,0.0,0,0.0,False
84,0.22984488308429718,0.023681592039800994,0.30589519999320725,9.999989867210388,0.30589519999320725,,,,2,teacher,4.8659999999999854,6.42077361586993,0,6.08015361586993,False
84,0.8403434753417969,0.02626865671641791,0.6855969329304027,9.999989867210388,0.6855969329304027,,,,1,teacher,4.670999999999822,3.064859362570777,0,2.7378893625707894,False
84,0.5786803364753723,0.015522388059701492,0.46730338051878106,9.999989867210388,0.46730338051878106,,,,6,teacher,4.857000000000198,5.36863498086613,0,5.028644980866116,False
84,0.47837817668914795,0.010149253731343283,0.37030259591200443,9.999989867210388,0.37030259591200443,,,,0,teacher,4.63799999999992,6.598283621083137,0,-3.726376378916857,True
85,0.2488061785697937,0.030049751243781096,0.3488827253421762,9.999989867210388,0.3488827253421762,,,,0,teacher,0.0,0.0,0,0.0,False
85,0.2488061785697937,0.030049751243781096,0.3488827253421762,9.999989867210388,0.3488827253421762,,,,0,teacher,4.758000000000038,1.2669689481555082,0,0.9339089481555055,False
85,0.8573877215385437,0.02507462686567164,0.6897366887381076,9.999989867210388,0.6897366887381076,,,,2,teacher,4.837999999999965,0.24775376587354003,0,-0.0909062341264576,False
85,0.8272227644920349,0.024875621890547265,0.6706068981794844,9.999989867210388,0.6706068981794844,,,,0,teacher,4.839999999999918,2.8633163909979835,1,-0.4754836090020107,False
85,0.8057446479797363,0.023482587064676617,0.6503706806617788,9.999989867210388,0.6503706806617788,,,,4,teacher,4.910000000000082,5.935431714887766,0,5.591731714887761,False
85,0.6874046325683594,0.015522388059701492,0.5325379581745733,9.999989867210388,0.5325379581745733,,,,1,teacher,4.8250000000000455,6.05173503737651,0,5.713985037376506,False
85,0.4397232234477997,0.01572139303482587,0.3852073415672681,9.999989867210388,9.999989867210388,,,,9,student,4.567999999999984,5.165529228061397,0,-5.154230771938602,True
86,0.18326522409915924,0.02845771144278607,0.3020840832565576,9.999989867210388,9.999989867210388,,,,6,student,0.0,0.0,0,0.0,False
86,0.18326522409915924,0.02845771144278607,0.3020840832565576,9.999989867210388,9.999989867210388,,,,6,student,4.999000000000024,7.511121220344389,1,4.161191220344388,False
86,0.8287602663040161,0.021492537313432834,0.6532639765533867,9.999989867210388,0.6532639765533867,,,,0,teacher,4.77800000000002,6.694102642450305,0,6.359642642450304,False
86,0.5486884117126465,0.00835820895522388,0.39916912550863526,9.999989867210388,0.39916912550863526,,,,0,teacher,4.77800000000002,6.256163679543042,0,5.92170367954304,False
86,0.2607191205024719,0.02527363184079602,0.33276163706421613,9.999989867210388,0.33276163706421613,,,,3,teacher,0.724999999999909,0.7904885575767288,0,-9.260261442423264,True
87,0.8772273063659668,0.01771144278606965,0.6601753907038205,9.999989867210388,0.6601753907038205,,,,0,teacher,0.0,0.0,0,0.0,False
87,0.8772273063659668,0.01771144278606965,0.6601753907038205,9.999989867210388,0.6601753907038205,,,,0,teacher,5.010999999999967,6.658983551471266,1,3.308213551471268,False
87,0.6354252696037292,0.01691542288557214,0.5101762893379966,9.999989867210388,0.5101762893379966,,,,1,teacher,4.747000000000071,4.097165107128269,0,3.7648751071282645,False
87,0.36248141527175903,0.0191044776119403,0.3597204350825377,9.999989867210388,0.3597204350825377,,,,0,teacher,4.108999999999924,5.197230498209372,0,-5.090399501790623,True
88,0.2148272842168808,0.023681592039800994,0.2968846406727574,9.999989867210388,0.2968846406727574,,,,0,teacher,0.0,0.0,0,0.0,False
88,0.2148272842168808,0.023681592039800994,0.2968846406727574,9.999989867210388,0.2968846406727574,,,,0,teacher,4.815000000000055,5.7870006005021555,0,5.449950600502151,False
88,0.8149911165237427,0.022885572139303482,0.6526960395901326,9.999989867210388,0.6526960395901326,,,,0,teacher,5.406999999999925,6.26933270186721,1,2.890842701867215,False
88,0.5968700647354126,0.017313432835820895,0.4895133608408204,9.999989867210388,0.4895133608408204,,,,1,teacher,4.873000000000047,5.575094600097252,0,5.233984600097249,False
88,0.3449315130710602,0.019303482587064675,0.35036763328321174,9.999989867210388,0.35036763328321174,,,,1,teacher,2.6259999999999764,3.4427733054168073,0,-6.741046694583192,True
89,0.11481048166751862,0.021293532338308458,0.22377476591002074,9.999989867210388,0.22377476591002074,,,,0,teacher,0.0,0.0,0,0.0,False
89,0.11481048166751862,0.021293532338308458,0.22377476591002074,9.999989867210388,0.22377476591002074,,,,0,teacher,5.048000000000002,0.0,0,-0.3533600000000002,False
89,0.8059129118919373,0.021890547263681594,0.6417789320538915,9.999989867210388,0.6417789320538915,,,,6,teacher,4.8279999999999745,0.03860107268414836,0,-0.2993589273158499,False
89,0.8251689076423645,0.02646766169154229,0.6774905049773301,9.999989867210388,0.6774905049773301,,,,3,teacher,5.007000000000062,0.4707928310880547,0,0.12030283108805034,False
89,0.8205934166908264,0.02228855721393035,0.6527903427355258,9.999989867210388,0.6527903427355258,,,,3,teacher,4.878999999999905,3.810645534231721,3,-5.530884465768272,False
89,0.7971232533454895,0.023681592039800994,0.6462622221499226,9.999989867210388,0.6462622221499226,,,,1,teacher,4.734000000000151,6.523593032341818,2,0.1922130323418072,False
89,0.5648888945579529,0.009950248756218905,0.42075602047265187,9.999989867210388,0.42075602047265187,,,,0,teacher,4.792999999999893,5.806459648891467,1,2.470949648891475,False
89,0.38193774223327637,0.019701492537313434,0.3749095475995353,9.999989867210388,0.3749095475995353,,,,0,teacher,3.0090000000000146,3.7948576072880096,0,-6.415772392711991,True
90,0.12524347007274628,0.021890547263681594,0.23337726696237687,9.999989867210388,0.23337726696237687,,,,0,teacher,0.0,0.0,0,0.0,False
90,0.12524347007274628,0.021890547263681594,0.23337726696237687,9.999989867210388,0.23337726696237687,,,,0,teacher,4.903999999999996,6.438795886564,1,3.095515886564,False
90,0.7431155443191528,0.016119402985074627,0.5697817067845039,9.999989867210388,0.5697817067845039,,,,1,teacher,4.863999999999805,6.437997869805878,0,6.097517869805892,False
90,0.49836915731430054,0.011741293532338309,0.3936848879173864,9.999989867210388,0.3936848879173864,,,,2,teacher,4.8659999999999854,5.925112500863836,0,5.584492500863837,False
90,0.24747392535209656,0.027064676616915424,0.3338411830848723,9.999989867210388,0.3338411830848723,,,,0,teacher,0.2319999999999709,0.3787823416767948,0,-9.637457658323203,True
91,0.8750941157341003,0.017512437810945275,0.6576744347109271,9.999989867210388,0.6576744347109271,,,,3,teacher,0.0,0.0,0,0.0,False
91,0.8750941157341003,0.017512437810945275,0.6576744347109271,9.999989867210388,0.6576744347109271,,,,3,teacher,4.947999999999865,5.677580760241769,0,5.331220760241778,False
91,0.6727041006088257,0.012935323383084577,0.5065571219530413,9.999989867210388,0.5065571219530413,,,,0,teacher,4.778000000000247,6.411145661941599,0,6.076685661941581,False
91,0.40206632018089294,0.017512437810945275,0.37385775737900273,9.999989867210388,0.37385775737900273,,,,0,teacher,2.9850000000001273,4.158193302915878,0,-6.050756697084131,True
92,0.15750479698181152,0.02208955223880597,0.25383813797369226,9.999989867210388,0.25383813797369226,,,,0,teacher,0.0,0.0,0,0.0,False
92,0.15750479698181152,0.02208955223880597,0.25383813797369226,9.999989867210388,0.25383813797369226,,,,0,teacher,4.847000000000207,5.017385357552097,2,-1.321904642447917,False
92,0.7515638470649719,0.019502487562189055,0.595518797610098,9.999989867210388,0.595518797610098,,,,8,teacher,4.804999999999836,4.644801863002556,0,4.308451863002567,False
92,0.5536146759986877,0.006965174129353234,0.39137911561117544,9.999989867210388,0.39137911561117544,,,,3,teacher,4.630999999999858,1.9602760809025348,0,1.6361060809025447,False
92,0.396445095539093,0.007562189054726368,0.30172488619444976,9.999989867210388,0.30172488619444976,,,,3,teacher,4.903000000000247,4.882942152776849,4,-7.460267847223168,False
92,0.2983855605125427,0.023880597014925373,0.3480791240700747,9.999989867210388,0.3480791240700747,,,,3,teacher,2.3079999999999927,2.4915937948128737,0,-7.6699662051871265,True
93,0.0957578644156456,0.02228855721393035,0.21788901137041733,9.999989867210388,0.21788901137041733,,,,2,teacher,0.0,0.0,0,0.0,False
93,0.0957578644156456,0.02228855721393035,0.21788901137041733,9.999989867210388,0.21788901137041733,,,,2,teacher,4.969000000000051,0.02886801944179851,0,-0.31896198055820507,False
93,0.8228390216827393,0.021890547263681594,0.6519345979283726,9.999989867210388,0.6519345979283726,,,,1,teacher,5.121000000000095,0.5266189933058669,0,0.16814899330586025,False
93,0.821416437625885,0.020696517412935322,0.6443494150238388,9.999989867210388,0.6443494150238388,,,,0,teacher,5.158999999999651,6.001122211540196,1,2.6399922115402203,False
93,0.7932182550430298,0.018507462686567163,0.6145986196616157,9.999989867210388,0.6145986196616157,,,,0,teacher,4.920000000000073,6.700985723509719,0,6.356585723509713,False
93,0.5326864123344421,0.006766169154228856,0.37725874878488336,9.999989867210388,0.37725874878488336,,,,1,teacher,4.805000000000291,6.001617547125399,0,5.665267547125378,False
93,0.2734712064266205,0.029850746268656716,0.3627623814265783,9.999989867210388,0.3627623814265783,,,,2,teacher,0.48900000000003274,0.534524159305621,0,-9.499705840694382,True
94,0.87724369764328,0.02009950248756219,0.6744099911300618,9.999989867210388,0.6744099911300618,,,,0,teacher,0.0,0.0,0,0.0,False
94,0.87724369764328,0.02009950248756219,0.6744099911300618,9.999989867210388,0.6744099911300618,,,,0,teacher,4.782999999999902,0.5360450387824507,1,-2.7987649612175423,False
94,0.6723570227622986,0.01572139303482587,0.5247876211559674,9.999989867210388,0.5247876211559674,,,,0,teacher,4.678000000000338,4.930412991753887,1,1.6029529917538632,False
94,0.6717855334281921,0.016119402985074627,0.5269837002499276,9.999989867210388,0.5269837002499276,,,,5,teacher,4.878999999999905,4.456545354719557,2,-1.8849846452804364,False
94,0.4439376890659332,0.015920398009950248,0.3890084125724259,9.999989867210388,0.3890084125724259,,,,2,teacher,4.8289999999997235,6.556850030537472,0,6.218820030537492,False
94,0.4439376890659332,0.015920398009950248,0.3890084125724259,9.999989867210388,0.3890084125724259,,,,2,teacher,4.8289999999997235,6.556850030537472,0,-3.7811799694625083,True
95,0.8629884719848633,0.020895522388059702,0.6704274515508948,9.999989867210388,0.6704274515508948,,,,5,teacher,0.0,0.0,0,0.0,False
95,0.8629884719848633,0.020895522388059702,0.6704274515508948,9.999989867210388,0.6704274515508948,,,,5,teacher,4.891999999999825,4.829569476797673,0,4.487129476797685,False
95,0.597273588180542,0.015323383084577114,0.47717523866718803,9.999989867210388,0.47717523866718803,,,,7,teacher,4.649000000000342,5.934287982683396,0,5.608857982683372,False
95,0.4052235782146454,0.017313432835820895,0.3745254689283601,9.999989867210388,0.3745254689283601,,,,0,teacher,3.024999999999636,4.079443133699077,0,-6.1323068663008975,True
96,0.16787482798099518,0.023482587064676617,0.26764878866253417,9.999989867210388,0.26764878866253417,,,,1,teacher,0.0,0.0,0,0.0,False
96,0.16787482798099518,0.023482587064676617,0.26764878866253417,9.999989867210388,0.26764878866253417,,,,1,teacher,4.962999999999738,3.723232065934617,0,3.3758220659346354,False
96,0.7585228085517883,0.01771144278606965,0.5889526920153134,9.999989867210388,0.5889526920153134,,,,0,teacher,4.970000000000255,3.423202348910811,1,0.07530234891079335,False
96,0.6393496990203857,0.019701492537313434,0.5293567216718009,9.999989867210388,0.5293567216718009,,,,2,teacher,4.67699999999968,4.4392723004361,0,4.111882300436122,False
96,0.5132640600204468,0.006567164179104477,0.36403475646685307,9.999989867210388,9.999989867210388,,,,6,student,4.695999999999913,6.127120389422113,0,5.7984003894221186,False
96,0.30159521102905273,0.022487562189054726,0.3424854333701889,9.999989867210388,0.3424854333701889,,,,0,teacher,1.424000000000433,1.2618199910115928,0,-8.837860008988438,True
97,0.04753350093960762,0.020895522388059702,0.18115446892374132,9.999989867210388,0.18115446892374132,,,,1,teacher,0.0,0.0,0,0.0,False
97,0.04753350093960762,0.020895522388059702,0.18115446892374132,9.999989867210388,0.18115446892374132,,,,1,teacher,4.816000000000258,0.3440493529095576,0,0.006929352909539499,False
97,0.8213847279548645,0.023681592039800994,0.6608191069155476,9.999989867210388,9.999989867210388,,,,1,student,4.779999999999745,2.4675495799869154,1,-0.8670504200130669,False
97,0.80177903175354,0.024676616915422885,0.6543051132270876,9.999989867210388,0.6543051132270876,,,,0,teacher,4.775000000000091,6.21772157790336,0,5.883471577903354,False
97,0.6824536919593811,0.016119402985074627,0.5333845953686409,9.999989867210388,0.5333845953686409,,,,3,teacher,4.798000000000229,2.674756713717601,1,-0.6611032862824153,False
97,0.4271557927131653,0.012935323383084577,0.35922813721564495,9.999989867210388,0.35922813721564495,,,,1,teacher,4.776999999999589,5.497981751200456,1,2.1635917512004843,False
97,0.32609400153160095,0.014925373134328358,0.31188160116897606,9.999989867210388,0.31188160116897606,,,,2,teacher,4.777000000000044,1.1001342652952197,0,0.7657442652952167,False
97,0.10011932998895645,0.022487562189054726,0.22159990474613114,9.999989867210388,0.22159990474613114,,,,2,teacher,0.8850000000002183,1.167040019335436,0,-8.894909980664579,True
98,0.8789854645729065,0.0191044776119403,0.6696228646632262,9.999989867210388,9.999989867210388,,,,3,student,0.0,0.0,0,0.0,False
98,0.8789854645729065,0.0191044776119403,0.6696228646632262,9.999989867210388,9.999989867210388,,,,3,student,4.833000000000084,1.417295410380877,1,-1.9210145896191289,False
98,0.6720735430717468,0.016517412935323383,0.5296723424523415,9.999989867210388,9.999989867210388,,,,2,student,4.950999999999567,7.454122309018336,0,7.1075523090183665,False
98,0.5976629257202148,0.014129353233830846,0.4695796245703667,9.999989867210388,0.4695796245703667,,,,2,teacher,4.768000000000029,5.476006575667423,0,5.142246575667421,False
98,0.29914775490760803,0.022686567164179106,0.34210597774396034,9.999989867210388,0.34210597774396034,,,,6,teacher,2.1550000000002,2.157778921456338,0,-7.993071078543676,True
99,0.08166366815567017,0.020497512437810946,0.1993577313424183,9.999989867210388,0.1993577313424183,,,,0,teacher,0.0,0.0,0,0.0,False
99,0.08166366815567017,0.020497512437810946,0.1993577313424183,9.999989867210388,0.1993577313424183,,,,0,teacher,5.0770000000002256,9.143040070625142,0,8.787650070625126,False
99,0.6657794117927551,0.020497512437810946,0.5498271775246693,9.999989867210388,9.999989867210388,,,,1,student,4.723999999999705,4.111042051130186,0,3.7803620511302065,False
99,0.34095892310142517,0.018308457711442787,0.34204413086850843,9.999989867210388,0.34204413086850843,,,,7,teacher,3.5920000000000982,4.7821050825084495,0,-5.469334917491557,True
100,0.195319265127182,0.023283582089552238,0.28304618973404416,9.999989867210388,0.28304618973404416,,,,2,teacher,0.0,0.0,0,0.0,False
100,0.195319265127182,0.023283582089552238,0.28304618973404416,9.999989867210388,0.28304618973404416,,,,2,teacher,4.9909999999999854,7.079208120944918,1,3.729838120944919,False
100,0.7961130738258362,0.016318407960199004,0.6028410215094183,9.999989867210388,9.999989867210388,,,,5,student,4.976999999999862,3.2033372344040476,1,-0.14505276559594282,False
100,0.5112348198890686,0.010945273631840797,0.3957625550137747,9.999989867210388,0.3957625550137747,,,,0,teacher,4.8159999999998035,5.67606116065612,0,5.338941160656134,False
100,0.4023018181324005,0.016318407960199004,0.36655426809335695,9.999989867210388,0.36655426809335695,,,,2,teacher,2.9820000000004256,4.121987742847235,0,-6.086752257152795,True
101,0.15601839125156403,0.02308457711442786,0.2583914988439246,9.999989867210388,0.2583914988439246,,,,1,teacher,0.0,0.0,0,0.0,False
101,0.15601839125156403,0.02308457711442786,0.2583914988439246,9.999989867210388,0.2583914988439246,,,,1,teacher,4.949000000000069,0.0003934827897360549,0,9.653963482789731,True
